document_status,domain,subfamily,concept,common_mexican_name,provider_source,current_mxmed_match,canonical_key_if_existing,gap_classification,proposed_key,identity_strategy,specimen_parameter_needs,routing,result_model,priority,mexico_evidence,international_reference,implementation_phase,director_notes
AUDIT_ONLY | PROPOSED | DIRECTOR_REVIEW_REQUIRED,FUNC,cardiovascular,MAPA (presión arterial ambulatoria / ABPM),MAPA (presión arterial ambulatoria / ABPM),MXMED active catalog,abpm_mapa,abpm_mapa,EXACT_EXISTING,,retain canonical identity,current contract,current mapped routing,current result contract,P2_COMMON_MEXICO_SPECIALTY,MXMED active clinical_study_types; external family evidence in source register,,NONE,Representative active orderable; counted in curated common-concept denominator
AUDIT_ONLY | PROPOSED | DIRECTOR_REVIEW_REQUIRED,LAB,endocrine,Hormona adrenocorticotropa plasmática,Hormona adrenocorticotropa plasmática,MXMED active catalog,acth_plasma,acth_plasma,EXACT_EXISTING,,retain canonical identity,current contract,current mapped routing,current result contract,CURRENT_BASELINE,MXMED active clinical_study_types; external family evidence in source register,,NONE,"Active baseline; this row is inventory, not a new commonness assertion"
AUDIT_ONLY | PROPOSED | DIRECTOR_REVIEW_REQUIRED,LAB,tumor,Alfa-fetoproteína sérica,Alfa-fetoproteína sérica,MXMED active catalog,afp_serum,afp_serum,EXACT_EXISTING,,retain canonical identity,current contract,current mapped routing,current result contract,CURRENT_BASELINE,MXMED active clinical_study_types; external family evidence in source register,,NONE,"Active baseline; this row is inventory, not a new commonness assertion"
AUDIT_ONLY | PROPOSED | DIRECTOR_REVIEW_REQUIRED,LAB,chemistry,Albúmina,Albúmina,MXMED active catalog,albumin,albumin,EXACT_EXISTING,,retain canonical identity,current contract,current mapped routing,current result contract,CURRENT_BASELINE,MXMED active clinical_study_types; external family evidence in source register,,NONE,"Active baseline; this row is inventory, not a new commonness assertion"
AUDIT_ONLY | PROPOSED | DIRECTOR_REVIEW_REQUIRED,LAB,chemistry,Fosfatasa alcalina (ALP),Fosfatasa alcalina (ALP),MXMED active catalog,alp,alp,EXACT_EXISTING,,retain canonical identity,current contract,current mapped routing,current result contract,CURRENT_BASELINE,MXMED active clinical_study_types; external family evidence in source register,,NONE,"Active baseline; this row is inventory, not a new commonness assertion"
AUDIT_ONLY | PROPOSED | DIRECTOR_REVIEW_REQUIRED,LAB,chemistry,ALT (TGP),ALT (TGP),MXMED active catalog,alt,alt,EXACT_EXISTING,,retain canonical identity,current contract,current mapped routing,current result contract,CURRENT_BASELINE,MXMED active clinical_study_types; external family evidence in source register,,NONE,"Active baseline; this row is inventory, not a new commonness assertion"
AUDIT_ONLY | PROPOSED | DIRECTOR_REVIEW_REQUIRED,LAB,chemistry,Amilasa,Amilasa,MXMED active catalog,amylase,amylase,EXACT_EXISTING,,retain canonical identity,current contract,current mapped routing,current result contract,CURRENT_BASELINE,MXMED active clinical_study_types; external family evidence in source register,,NONE,"Active baseline; this row is inventory, not a new commonness assertion"
AUDIT_ONLY | PROPOSED | DIRECTOR_REVIEW_REQUIRED,LAB,autoimmunity,ANA,ANA,MXMED active catalog,ana,ana,EXACT_EXISTING,,retain canonical identity,current contract,current mapped routing,current result contract,CURRENT_BASELINE,MXMED active clinical_study_types; external family evidence in source register,,NONE,"Active baseline; this row is inventory, not a new commonness assertion"
AUDIT_ONLY | PROPOSED | DIRECTOR_REVIEW_REQUIRED,LAB,autoimmunity,ANCA,ANCA,MXMED active catalog,anca,anca,EXACT_EXISTING,,retain canonical identity,current contract,current mapped routing,current result contract,CURRENT_BASELINE,MXMED active clinical_study_types; external family evidence in source register,,NONE,"Active baseline; this row is inventory, not a new commonness assertion"
AUDIT_ONLY | PROPOSED | DIRECTOR_REVIEW_REQUIRED,FUNC,cardiovascular,Índice tobillo-brazo (ITB/ABI),Índice tobillo-brazo (ITB/ABI),MXMED active catalog,ankle_brachial_index,ankle_brachial_index,EXACT_EXISTING,,retain canonical identity,current contract,current mapped routing,current result contract,P2_COMMON_MEXICO_SPECIALTY,MXMED active clinical_study_types; external family evidence in source register,,NONE,Representative active orderable; counted in curated common-concept denominator
AUDIT_ONLY | PROPOSED | DIRECTOR_REVIEW_REQUIRED,PROC,digestive_endoscopy,Anoscopia,Anoscopia,MXMED active catalog,anoscopy_base,anoscopy_base,EXACT_EXISTING,,retain canonical identity,current contract,current mapped routing,current result contract,CURRENT_BASELINE,MXMED active clinical_study_types; external family evidence in source register,,NONE,"Active baseline; this row is inventory, not a new commonness assertion"
AUDIT_ONLY | PROPOSED | DIRECTOR_REVIEW_REQUIRED,LAB,autoimmunity,Anti-CCP,Anti-CCP,MXMED active catalog,anti_ccp,anti_ccp,EXACT_EXISTING,,retain canonical identity,current contract,current mapped routing,current result contract,CURRENT_BASELINE,MXMED active clinical_study_types; external family evidence in source register,,NONE,"Active baseline; this row is inventory, not a new commonness assertion"
AUDIT_ONLY | PROPOSED | DIRECTOR_REVIEW_REQUIRED,LAB,autoimmunity,Anticuerpos anti-DNA de doble cadena,Anticuerpos anti-DNA de doble cadena,MXMED active catalog,anti_ds_dna,anti_ds_dna,EXACT_EXISTING,,retain canonical identity,current contract,current mapped routing,current result contract,CURRENT_BASELINE,MXMED active clinical_study_types; external family evidence in source register,,NONE,"Active baseline; this row is inventory, not a new commonness assertion"
AUDIT_ONLY | PROPOSED | DIRECTOR_REVIEW_REQUIRED,LAB,hepatitis_serology,Anti-HBc,Anti-HBc,MXMED active catalog,anti_hbc,anti_hbc,EXACT_EXISTING,,retain canonical identity,current contract,current mapped routing,current result contract,CURRENT_BASELINE,MXMED active clinical_study_types; external family evidence in source register,,NONE,"Active baseline; this row is inventory, not a new commonness assertion"
AUDIT_ONLY | PROPOSED | DIRECTOR_REVIEW_REQUIRED,LAB,hepatitis_serology,Anti-HBs,Anti-HBs,MXMED active catalog,anti_hbs,anti_hbs,EXACT_EXISTING,,retain canonical identity,current contract,current mapped routing,current result contract,CURRENT_BASELINE,MXMED active clinical_study_types; external family evidence in source register,,NONE,"Active baseline; this row is inventory, not a new commonness assertion"
AUDIT_ONLY | PROPOSED | DIRECTOR_REVIEW_REQUIRED,LAB,endocrine,Anti-tiroglobulina,Anti-tiroglobulina,MXMED active catalog,anti_tg,anti_tg,EXACT_EXISTING,,retain canonical identity,current contract,current mapped routing,current result contract,CURRENT_BASELINE,MXMED active clinical_study_types; external family evidence in source register,,NONE,"Active baseline; this row is inventory, not a new commonness assertion"
AUDIT_ONLY | PROPOSED | DIRECTOR_REVIEW_REQUIRED,LAB,endocrine,Anti-TPO,Anti-TPO,MXMED active catalog,anti_tpo,anti_tpo,EXACT_EXISTING,,retain canonical identity,current contract,current mapped routing,current result contract,CURRENT_BASELINE,MXMED active clinical_study_types; external family evidence in source register,,NONE,"Active baseline; this row is inventory, not a new commonness assertion"
AUDIT_ONLY | PROPOSED | DIRECTOR_REVIEW_REQUIRED,LAB,chemistry,Apolipoproteína B,Apolipoproteína B,MXMED active catalog,apo_b,apo_b,EXACT_EXISTING,,retain canonical identity,current contract,current mapped routing,current result contract,CURRENT_BASELINE,MXMED active clinical_study_types; external family evidence in source register,,NONE,"Active baseline; this row is inventory, not a new commonness assertion"
AUDIT_ONLY | PROPOSED | DIRECTOR_REVIEW_REQUIRED,LAB,coagulation,TTPa (aPTT),TTPa (aPTT),MXMED active catalog,aptt,aptt,EXACT_EXISTING,,retain canonical identity,current contract,current mapped routing,current result contract,P2_COMMON_MEXICO_SPECIALTY,MXMED active clinical_study_types; external family evidence in source register,,NONE,Representative active orderable; counted in curated common-concept denominator
AUDIT_ONLY | PROPOSED | DIRECTOR_REVIEW_REQUIRED,LAB,chemistry,AST (TGO),AST (TGO),MXMED active catalog,ast,ast,EXACT_EXISTING,,retain canonical identity,current contract,current mapped routing,current result contract,CURRENT_BASELINE,MXMED active clinical_study_types; external family evidence in source register,,NONE,"Active baseline; this row is inventory, not a new commonness assertion"
AUDIT_ONLY | PROPOSED | DIRECTOR_REVIEW_REQUIRED,FUNC,audiovestibular,Audiometría verbal,Audiometría verbal,MXMED active catalog,audiometry_speech,audiometry_speech,EXACT_EXISTING,,retain canonical identity,current contract,current mapped routing,current result contract,CURRENT_BASELINE,MXMED active clinical_study_types; external family evidence in source register,,NONE,"Active baseline; this row is inventory, not a new commonness assertion"
AUDIT_ONLY | PROPOSED | DIRECTOR_REVIEW_REQUIRED,FUNC,audiovestibular,Audiometría tonal,Audiometría tonal,MXMED active catalog,audiometry_tonal,audiometry_tonal,EXACT_EXISTING,,retain canonical identity,current contract,current mapped routing,current result contract,P2_COMMON_MEXICO_SPECIALTY,MXMED active clinical_study_types; external family evidence in source register,,NONE,Representative active orderable; counted in curated common-concept denominator
AUDIT_ONLY | PROPOSED | DIRECTOR_REVIEW_REQUIRED,LAB,endocrine;tumor,β-hCG,β-hCG,MXMED active catalog,bhcg,bhcg,EXACT_EXISTING,,retain canonical identity,current contract,current mapped routing,current result contract,CURRENT_BASELINE,MXMED active clinical_study_types; external family evidence in source register,,NONE,"Active baseline; this row is inventory, not a new commonness assertion"
AUDIT_ONLY | PROPOSED | DIRECTOR_REVIEW_REQUIRED,LAB,chemistry,Bicarbonato / CO2 total sérico,Bicarbonato / CO2 total sérico,MXMED active catalog,bicarbonate_serum,bicarbonate_serum,EXACT_EXISTING,,retain canonical identity,current contract,current mapped routing,current result contract,CURRENT_BASELINE,MXMED active clinical_study_types; external family evidence in source register,,NONE,"Active baseline; this row is inventory, not a new commonness assertion"
AUDIT_ONLY | PROPOSED | DIRECTOR_REVIEW_REQUIRED,LAB,chemistry,Bilirrubina directa,Bilirrubina directa,MXMED active catalog,bilirubin_direct,bilirubin_direct,EXACT_EXISTING,,retain canonical identity,current contract,current mapped routing,current result contract,CURRENT_BASELINE,MXMED active clinical_study_types; external family evidence in source register,,NONE,"Active baseline; this row is inventory, not a new commonness assertion"
AUDIT_ONLY | PROPOSED | DIRECTOR_REVIEW_REQUIRED,LAB,chemistry,Bilirrubina indirecta,Bilirrubina indirecta,MXMED active catalog,bilirubin_indirect,bilirubin_indirect,EXACT_EXISTING,,retain canonical identity,current contract,current mapped routing,current result contract,CURRENT_BASELINE,MXMED active clinical_study_types; external family evidence in source register,,NONE,"Active baseline; this row is inventory, not a new commonness assertion"
AUDIT_ONLY | PROPOSED | DIRECTOR_REVIEW_REQUIRED,LAB,chemistry,Bilirrubina total,Bilirrubina total,MXMED active catalog,bilirubin_total,bilirubin_total,EXACT_EXISTING,,retain canonical identity,current contract,current mapped routing,current result contract,CURRENT_BASELINE,MXMED active clinical_study_types; external family evidence in source register,,NONE,"Active baseline; this row is inventory, not a new commonness assertion"
AUDIT_ONLY | PROPOSED | DIRECTOR_REVIEW_REQUIRED,LAB,microbiology,Hemocultivo,Hemocultivo,MXMED active catalog,blood_culture,blood_culture,EXACT_EXISTING,,retain canonical identity,current contract,current mapped routing,current result contract,P2_COMMON_MEXICO_SPECIALTY,MXMED active clinical_study_types; external family evidence in source register,,NONE,Representative active orderable; counted in curated common-concept denominator
AUDIT_ONLY | PROPOSED | DIRECTOR_REVIEW_REQUIRED,LAB,urine,Albúmina en líquido corporal,Albúmina en líquido corporal,MXMED active catalog,body_fluid_albumin,body_fluid_albumin,EXACT_EXISTING,,retain canonical identity,current contract,current mapped routing,current result contract,CURRENT_BASELINE,MXMED active clinical_study_types; external family evidence in source register,,NONE,"Active baseline; this row is inventory, not a new commonness assertion"
AUDIT_ONLY | PROPOSED | DIRECTOR_REVIEW_REQUIRED,LAB,urine,Amilasa en líquido corporal,Amilasa en líquido corporal,MXMED active catalog,body_fluid_amylase,body_fluid_amylase,EXACT_EXISTING,,retain canonical identity,current contract,current mapped routing,current result contract,CURRENT_BASELINE,MXMED active clinical_study_types; external family evidence in source register,,NONE,"Active baseline; this row is inventory, not a new commonness assertion"
AUDIT_ONLY | PROPOSED | DIRECTOR_REVIEW_REQUIRED,LAB,urine,Recuento celular y diferencial en líquido corporal,Recuento celular y diferencial en líquido corporal,MXMED active catalog,body_fluid_cell_count,body_fluid_cell_count,EXACT_EXISTING,,retain canonical identity,current contract,current mapped routing,current result contract,CURRENT_BASELINE,MXMED active clinical_study_types; external family evidence in source register,,NONE,"Active baseline; this row is inventory, not a new commonness assertion"
AUDIT_ONLY | PROPOSED | DIRECTOR_REVIEW_REQUIRED,LAB,urine,Colesterol en líquido corporal,Colesterol en líquido corporal,MXMED active catalog,body_fluid_cholesterol,body_fluid_cholesterol,EXACT_EXISTING,,retain canonical identity,current contract,current mapped routing,current result contract,CURRENT_BASELINE,MXMED active clinical_study_types; external family evidence in source register,,NONE,"Active baseline; this row is inventory, not a new commonness assertion"
AUDIT_ONLY | PROPOSED | DIRECTOR_REVIEW_REQUIRED,LAB,urine,Glucosa en líquido corporal,Glucosa en líquido corporal,MXMED active catalog,body_fluid_glucose,body_fluid_glucose,EXACT_EXISTING,,retain canonical identity,current contract,current mapped routing,current result contract,CURRENT_BASELINE,MXMED active clinical_study_types; external family evidence in source register,,NONE,"Active baseline; this row is inventory, not a new commonness assertion"
AUDIT_ONLY | PROPOSED | DIRECTOR_REVIEW_REQUIRED,LAB,urine,LDH en líquido corporal,LDH en líquido corporal,MXMED active catalog,body_fluid_ldh,body_fluid_ldh,EXACT_EXISTING,,retain canonical identity,current contract,current mapped routing,current result contract,CURRENT_BASELINE,MXMED active clinical_study_types; external family evidence in source register,,NONE,"Active baseline; this row is inventory, not a new commonness assertion"
AUDIT_ONLY | PROPOSED | DIRECTOR_REVIEW_REQUIRED,LAB,urine,Proteínas totales en líquido corporal,Proteínas totales en líquido corporal,MXMED active catalog,body_fluid_total_protein,body_fluid_total_protein,EXACT_EXISTING,,retain canonical identity,current contract,current mapped routing,current result contract,CURRENT_BASELINE,MXMED active clinical_study_types; external family evidence in source register,,NONE,"Active baseline; this row is inventory, not a new commonness assertion"
AUDIT_ONLY | PROPOSED | DIRECTOR_REVIEW_REQUIRED,LAB,urine,Triglicéridos en líquido corporal,Triglicéridos en líquido corporal,MXMED active catalog,body_fluid_triglycerides,body_fluid_triglycerides,EXACT_EXISTING,,retain canonical identity,current contract,current mapped routing,current result contract,CURRENT_BASELINE,MXMED active clinical_study_types; external family evidence in source register,,NONE,"Active baseline; this row is inventory, not a new commonness assertion"
AUDIT_ONLY | PROPOSED | DIRECTOR_REVIEW_REQUIRED,LAB,germline_genetics;hereditary_oncology,BRCA1/BRCA2 (germinal),BRCA1/BRCA2 (germinal),MXMED active catalog,brca1_2,brca1_2,EXACT_EXISTING,,retain canonical identity,current contract,current mapped routing,current result contract,CURRENT_BASELINE,MXMED active clinical_study_types; external family evidence in source register,,NONE,"Active baseline; this row is inventory, not a new commonness assertion"
AUDIT_ONLY | PROPOSED | DIRECTOR_REVIEW_REQUIRED,IMG,breast_imaging,US Mama,US Mama,MXMED active catalog,breast_us,breast_us,EXACT_EXISTING,,retain canonical identity,current contract,current mapped routing,current result contract,P2_COMMON_MEXICO_SPECIALTY,MXMED active clinical_study_types; external family evidence in source register,,NONE,Representative active orderable; counted in curated common-concept denominator
AUDIT_ONLY | PROPOSED | DIRECTOR_REVIEW_REQUIRED,PROC,bronchoscopy,Broncoscopía,Broncoscopía,MXMED active catalog,bronchoscopy_base,bronchoscopy_base,EXACT_EXISTING,,retain canonical identity,current contract,current mapped routing,current result contract,P2_COMMON_MEXICO_SPECIALTY,MXMED active clinical_study_types; external family evidence in source register,,NONE,Representative active orderable; counted in curated common-concept denominator
AUDIT_ONLY | PROPOSED | DIRECTOR_REVIEW_REQUIRED,LAB,chemistry,Nitrógeno ureico (BUN),Nitrógeno ureico (BUN),MXMED active catalog,bun,bun,EXACT_EXISTING,,retain canonical identity,current contract,current mapped routing,current result contract,CURRENT_BASELINE,MXMED active clinical_study_types; external family evidence in source register,,NONE,"Active baseline; this row is inventory, not a new commonness assertion"
AUDIT_ONLY | PROPOSED | DIRECTOR_REVIEW_REQUIRED,LAB,immunoglobulins,C3,C3,MXMED active catalog,c3,c3,EXACT_EXISTING,,retain canonical identity,current contract,current mapped routing,current result contract,CURRENT_BASELINE,MXMED active clinical_study_types; external family evidence in source register,,NONE,"Active baseline; this row is inventory, not a new commonness assertion"
AUDIT_ONLY | PROPOSED | DIRECTOR_REVIEW_REQUIRED,LAB,immunoglobulins,C4,C4,MXMED active catalog,c4,c4,EXACT_EXISTING,,retain canonical identity,current contract,current mapped routing,current result contract,CURRENT_BASELINE,MXMED active clinical_study_types; external family evidence in source register,,NONE,"Active baseline; this row is inventory, not a new commonness assertion"
AUDIT_ONLY | PROPOSED | DIRECTOR_REVIEW_REQUIRED,LAB,tumor,Antígeno CA 125 sérico,Antígeno CA 125 sérico,MXMED active catalog,ca125_serum,ca125_serum,EXACT_EXISTING,,retain canonical identity,current contract,current mapped routing,current result contract,CURRENT_BASELINE,MXMED active clinical_study_types; external family evidence in source register,,NONE,"Active baseline; this row is inventory, not a new commonness assertion"
AUDIT_ONLY | PROPOSED | DIRECTOR_REVIEW_REQUIRED,LAB,tumor,Antígeno CA 15-3 sérico,Antígeno CA 15-3 sérico,MXMED active catalog,ca153_serum,ca153_serum,EXACT_EXISTING,,retain canonical identity,current contract,current mapped routing,current result contract,CURRENT_BASELINE,MXMED active clinical_study_types; external family evidence in source register,,NONE,"Active baseline; this row is inventory, not a new commonness assertion"
AUDIT_ONLY | PROPOSED | DIRECTOR_REVIEW_REQUIRED,LAB,tumor,Antígeno CA 19-9 sérico,Antígeno CA 19-9 sérico,MXMED active catalog,ca199_serum,ca199_serum,EXACT_EXISTING,,retain canonical identity,current contract,current mapped routing,current result contract,CURRENT_BASELINE,MXMED active clinical_study_types; external family evidence in source register,,NONE,"Active baseline; this row is inventory, not a new commonness assertion"
AUDIT_ONLY | PROPOSED | DIRECTOR_REVIEW_REQUIRED,LAB,chemistry,Calcio,Calcio,MXMED active catalog,calcium,calcium,EXACT_EXISTING,,retain canonical identity,current contract,current mapped routing,current result contract,CURRENT_BASELINE,MXMED active clinical_study_types; external family evidence in source register,,NONE,"Active baseline; this row is inventory, not a new commonness assertion"
AUDIT_ONLY | PROPOSED | DIRECTOR_REVIEW_REQUIRED,FUNC,pulmonary,Capnografía,Capnografía,MXMED active catalog,capnography,capnography,EXACT_EXISTING,,retain canonical identity,current contract,current mapped routing,current result contract,CURRENT_BASELINE,MXMED active clinical_study_types; external family evidence in source register,,NONE,"Active baseline; this row is inventory, not a new commonness assertion"
AUDIT_ONLY | PROPOSED | DIRECTOR_REVIEW_REQUIRED,PROC,digestive_endoscopy,Cápsula endoscópica,Cápsula endoscópica,MXMED active catalog,capsule_base,capsule_base,EXACT_EXISTING,,retain canonical identity,current contract,current mapped routing,current result contract,CURRENT_BASELINE,MXMED active clinical_study_types; external family evidence in source register,,NONE,"Active baseline; this row is inventory, not a new commonness assertion"
AUDIT_ONLY | PROPOSED | DIRECTOR_REVIEW_REQUIRED,FUNC,ultrasound_vascular,Doppler carotídeo,Doppler carotídeo,MXMED active catalog,carotid_doppler,carotid_doppler,EXACT_EXISTING,,retain canonical identity,current contract,current mapped routing,current result contract,CURRENT_BASELINE,MXMED active clinical_study_types; external family evidence in source register,,NONE,"Active baseline; this row is inventory, not a new commonness assertion"
AUDIT_ONLY | PROPOSED | DIRECTOR_REVIEW_REQUIRED,LAB,germline_genetics;panels,Tamiz de portadores (Carrier screening),Tamiz de portadores (Carrier screening),MXMED active catalog,carrier_screening,carrier_screening,EXACT_EXISTING,,retain canonical identity,current contract,current mapped routing,current result contract,CURRENT_BASELINE,MXMED active clinical_study_types; external family evidence in source register,,NONE,"Active baseline; this row is inventory, not a new commonness assertion"
AUDIT_ONLY | PROPOSED | DIRECTOR_REVIEW_REQUIRED,LAB,hematology;panels,Biometría hemática (BH / CBC),Biometría hemática (BH / CBC),MXMED active catalog,cbc,cbc,EXACT_EXISTING,,retain canonical identity,current contract,current mapped routing,current result contract,P2_COMMON_MEXICO_SPECIALTY,MXMED active clinical_study_types; external family evidence in source register,,NONE,Representative active orderable; counted in curated common-concept denominator
AUDIT_ONLY | PROPOSED | DIRECTOR_REVIEW_REQUIRED,LAB,tumor,Antígeno carcinoembrionario sérico,Antígeno carcinoembrionario sérico,MXMED active catalog,cea_serum,cea_serum,EXACT_EXISTING,,retain canonical identity,current contract,current mapped routing,current result contract,CURRENT_BASELINE,MXMED active clinical_study_types; external family evidence in source register,,NONE,"Active baseline; this row is inventory, not a new commonness assertion"
AUDIT_ONLY | PROPOSED | DIRECTOR_REVIEW_REQUIRED,LAB,chemistry,Cloro,Cloro,MXMED active catalog,chloride,chloride,EXACT_EXISTING,,retain canonical identity,current contract,current mapped routing,current result contract,CURRENT_BASELINE,MXMED active clinical_study_types; external family evidence in source register,,NONE,"Active baseline; this row is inventory, not a new commonness assertion"
AUDIT_ONLY | PROPOSED | DIRECTOR_REVIEW_REQUIRED,LAB,chemistry,Colesterol total,Colesterol total,MXMED active catalog,chol_total,chol_total,EXACT_EXISTING,,retain canonical identity,current contract,current mapped routing,current result contract,CURRENT_BASELINE,MXMED active clinical_study_types; external family evidence in source register,,NONE,"Active baseline; this row is inventory, not a new commonness assertion"
AUDIT_ONLY | PROPOSED | DIRECTOR_REVIEW_REQUIRED,LAB,cytogenomics,Microarreglo cromosómico (CMA / Microarray),Microarreglo cromosómico (CMA / Microarray),MXMED active catalog,cma_microarray,cma_microarray,EXACT_EXISTING,,retain canonical identity,current contract,current mapped routing,current result contract,CURRENT_BASELINE,MXMED active clinical_study_types; external family evidence in source register,,NONE,"Active baseline; this row is inventory, not a new commonness assertion"
AUDIT_ONLY | PROPOSED | DIRECTOR_REVIEW_REQUIRED,PROC,digestive_endoscopy,Colonoscopia,Colonoscopia,MXMED active catalog,colonoscopy_base,colonoscopy_base,EXACT_EXISTING,,retain canonical identity,current contract,current mapped routing,current result contract,P2_COMMON_MEXICO_SPECIALTY,MXMED active clinical_study_types; external family evidence in source register,,NONE,Representative active orderable; counted in curated common-concept denominator
AUDIT_ONLY | PROPOSED | DIRECTOR_REVIEW_REQUIRED,LAB,endocrine,Cortisol sérico,Cortisol sérico,MXMED active catalog,cortisol_serum,cortisol_serum,EXACT_EXISTING,,retain canonical identity,current contract,current mapped routing,current result contract,CURRENT_BASELINE,MXMED active clinical_study_types; external family evidence in source register,,NONE,"Active baseline; this row is inventory, not a new commonness assertion"
AUDIT_ONLY | PROPOSED | DIRECTOR_REVIEW_REQUIRED,FUNC,pulmonary,Prueba de esfuerzo cardiopulmonar (CPET),Prueba de esfuerzo cardiopulmonar (CPET),MXMED active catalog,cpet,cpet,EXACT_EXISTING,,retain canonical identity,current contract,current mapped routing,current result contract,CURRENT_BASELINE,MXMED active clinical_study_types; external family evidence in source register,,NONE,"Active baseline; this row is inventory, not a new commonness assertion"
AUDIT_ONLY | PROPOSED | DIRECTOR_REVIEW_REQUIRED,LAB,chemistry,Creatinina,Creatinina,MXMED active catalog,creatinine,creatinine,EXACT_EXISTING,,retain canonical identity,current contract,current mapped routing,current result contract,P2_COMMON_MEXICO_SPECIALTY,MXMED active clinical_study_types; external family evidence in source register,,NONE,Representative active orderable; counted in curated common-concept denominator
AUDIT_ONLY | PROPOSED | DIRECTOR_REVIEW_REQUIRED,LAB,inflammation,Proteína C reactiva ultrasensible (PCR-us),Proteína C reactiva ultrasensible (PCR-us),MXMED active catalog,crp_hs,crp_hs,EXACT_EXISTING,,retain canonical identity,current contract,current mapped routing,current result contract,CURRENT_BASELINE,MXMED active clinical_study_types; external family evidence in source register,,NONE,"Active baseline; this row is inventory, not a new commonness assertion"
AUDIT_ONLY | PROPOSED | DIRECTOR_REVIEW_REQUIRED,LAB,inflammation,Proteína C reactiva convencional,Proteína C reactiva convencional,MXMED active catalog,crp_standard,crp_standard,EXACT_EXISTING,,retain canonical identity,current contract,current mapped routing,current result contract,CURRENT_BASELINE,MXMED active clinical_study_types; external family evidence in source register,,NONE,"Active baseline; this row is inventory, not a new commonness assertion"
AUDIT_ONLY | PROPOSED | DIRECTOR_REVIEW_REQUIRED,LAB,urine,Recuento celular y diferencial en LCR,Recuento celular y diferencial en LCR,MXMED active catalog,csf_cell_count,csf_cell_count,EXACT_EXISTING,,retain canonical identity,current contract,current mapped routing,current result contract,CURRENT_BASELINE,MXMED active clinical_study_types; external family evidence in source register,,NONE,"Active baseline; this row is inventory, not a new commonness assertion"
AUDIT_ONLY | PROPOSED | DIRECTOR_REVIEW_REQUIRED,LAB,microbiology,Antígeno criptocócico en LCR,Antígeno criptocócico en LCR,MXMED active catalog,csf_cryptococcal_antigen,csf_cryptococcal_antigen,EXACT_EXISTING,,retain canonical identity,current contract,current mapped routing,current result contract,CURRENT_BASELINE,MXMED active clinical_study_types; external family evidence in source register,,NONE,"Active baseline; this row is inventory, not a new commonness assertion"
AUDIT_ONLY | PROPOSED | DIRECTOR_REVIEW_REQUIRED,PATH,fluid_cytology,Citología de LCR,Citología de LCR,MXMED active catalog,csf_cytology,csf_cytology,EXACT_EXISTING,,retain canonical identity,current contract,current mapped routing,current result contract,P2_COMMON_MEXICO_SPECIALTY,MXMED active clinical_study_types; external family evidence in source register,,NONE,Representative active orderable; counted in curated common-concept denominator
AUDIT_ONLY | PROPOSED | DIRECTOR_REVIEW_REQUIRED,LAB,urine,Glucosa en líquido cefalorraquídeo (LCR),Glucosa en líquido cefalorraquídeo (LCR),MXMED active catalog,csf_glucose,csf_glucose,EXACT_EXISTING,,retain canonical identity,current contract,current mapped routing,current result contract,CURRENT_BASELINE,MXMED active clinical_study_types; external family evidence in source register,,NONE,"Active baseline; this row is inventory, not a new commonness assertion"
AUDIT_ONLY | PROPOSED | DIRECTOR_REVIEW_REQUIRED,LAB,urine,Lactato en LCR,Lactato en LCR,MXMED active catalog,csf_lactate,csf_lactate,EXACT_EXISTING,,retain canonical identity,current contract,current mapped routing,current result contract,CURRENT_BASELINE,MXMED active clinical_study_types; external family evidence in source register,,NONE,"Active baseline; this row is inventory, not a new commonness assertion"
AUDIT_ONLY | PROPOSED | DIRECTOR_REVIEW_REQUIRED,LAB,molecular_infectious,Panel molecular de meningitis/encefalitis en LCR,Panel molecular de meningitis/encefalitis en LCR,MXMED active catalog,csf_meningitis_encephalitis_panel,csf_meningitis_encephalitis_panel,EXACT_EXISTING,,retain canonical identity,current contract,current mapped routing,current result contract,CURRENT_BASELINE,MXMED active clinical_study_types; external family evidence in source register,,NONE,"Active baseline; this row is inventory, not a new commonness assertion"
AUDIT_ONLY | PROPOSED | DIRECTOR_REVIEW_REQUIRED,LAB,urine,Bandas oligoclonales en LCR y suero,Bandas oligoclonales en LCR y suero,MXMED active catalog,csf_oligoclonal_bands,csf_oligoclonal_bands,EXACT_EXISTING,,retain canonical identity,current contract,current mapped routing,current result contract,CURRENT_BASELINE,MXMED active clinical_study_types; external family evidence in source register,,NONE,"Active baseline; this row is inventory, not a new commonness assertion"
AUDIT_ONLY | PROPOSED | DIRECTOR_REVIEW_REQUIRED,LAB,urine,Proteínas totales en líquido cefalorraquídeo (LCR),Proteínas totales en líquido cefalorraquídeo (LCR),MXMED active catalog,csf_total_protein,csf_total_protein,EXACT_EXISTING,,retain canonical identity,current contract,current mapped routing,current result contract,CURRENT_BASELINE,MXMED active clinical_study_types; external family evidence in source register,,NONE,"Active baseline; this row is inventory, not a new commonness assertion"
AUDIT_ONLY | PROPOSED | DIRECTOR_REVIEW_REQUIRED,LAB,microbiology,VDRL en LCR,VDRL en LCR,MXMED active catalog,csf_vdrl,csf_vdrl,EXACT_EXISTING,,retain canonical identity,current contract,current mapped routing,current result contract,CURRENT_BASELINE,MXMED active clinical_study_types; external family evidence in source register,,NONE,"Active baseline; this row is inventory, not a new commonness assertion"
AUDIT_ONLY | PROPOSED | DIRECTOR_REVIEW_REQUIRED,IMG,tomography,TAC Abdomen y pelvis,TAC Abdomen y pelvis,MXMED active catalog,ct_abdomen_pelvis,ct_abdomen_pelvis,EXACT_EXISTING,,retain canonical identity,current contract,current mapped routing,current result contract,CURRENT_BASELINE,MXMED active clinical_study_types; external family evidence in source register,,NONE,"Active baseline; this row is inventory, not a new commonness assertion"
AUDIT_ONLY | PROPOSED | DIRECTOR_REVIEW_REQUIRED,IMG,tomography,TAC Tórax,TAC Tórax,MXMED active catalog,ct_chest,ct_chest,EXACT_EXISTING,,retain canonical identity,current contract,current mapped routing,current result contract,P2_COMMON_MEXICO_SPECIALTY,MXMED active clinical_study_types; external family evidence in source register,,NONE,Representative active orderable; counted in curated common-concept denominator
AUDIT_ONLY | PROPOSED | DIRECTOR_REVIEW_REQUIRED,IMG,tomography,TAC Cráneo,TAC Cráneo,MXMED active catalog,ct_head,ct_head,EXACT_EXISTING,,retain canonical identity,current contract,current mapped routing,current result contract,P2_COMMON_MEXICO_SPECIALTY,MXMED active clinical_study_types; external family evidence in source register,,NONE,Representative active orderable; counted in curated common-concept denominator
AUDIT_ONLY | PROPOSED | DIRECTOR_REVIEW_REQUIRED,IMG,tomography,UroTAC (vías urinarias),UroTAC (vías urinarias),MXMED active catalog,ct_uro,ct_uro,EXACT_EXISTING,,retain canonical identity,current contract,current mapped routing,current result contract,CURRENT_BASELINE,MXMED active clinical_study_types; external family evidence in source register,,NONE,"Active baseline; this row is inventory, not a new commonness assertion"
AUDIT_ONLY | PROPOSED | DIRECTOR_REVIEW_REQUIRED,PATH,cervical_cytology,Citología en base líquida,Citología en base líquida,MXMED active catalog,cyto_liquid_based,cyto_liquid_based,EXACT_EXISTING,,retain canonical identity,current contract,current mapped routing,current result contract,P1_COMMON_MEXICO_GENERAL,MXMED active clinical_study_types; external family evidence in source register,,NONE,Representative active orderable; counted in curated common-concept denominator
AUDIT_ONLY | PROPOSED | DIRECTOR_REVIEW_REQUIRED,PATH,cervical_cytology,Papanicolaou (convencional),Papanicolaou (convencional),MXMED active catalog,cyto_pap,cyto_pap,EXACT_EXISTING,,retain canonical identity,current contract,current mapped routing,current result contract,P1_COMMON_MEXICO_GENERAL,MXMED active clinical_study_types; external family evidence in source register,,NONE,Representative active orderable; counted in curated common-concept denominator
AUDIT_ONLY | PROPOSED | DIRECTOR_REVIEW_REQUIRED,LAB,coagulation,Dímero D,Dímero D,MXMED active catalog,d_dimer,d_dimer,EXACT_EXISTING,,retain canonical identity,current contract,current mapped routing,current result contract,CURRENT_BASELINE,MXMED active clinical_study_types; external family evidence in source register,,NONE,"Active baseline; this row is inventory, not a new commonness assertion"
AUDIT_ONLY | PROPOSED | DIRECTOR_REVIEW_REQUIRED,DENTAL,dental-cbct,Tomografía dental y maxilofacial de haz cónico,Tomografía dental y maxilofacial de haz cónico,MXMED active catalog,dental_cbct,dental_cbct,EXACT_EXISTING,,retain canonical identity,current contract,current mapped routing,current result contract,P2_COMMON_MEXICO_SPECIALTY,MXMED active clinical_study_types; external family evidence in source register,,NONE,Representative active orderable; counted in curated common-concept denominator
AUDIT_ONLY | PROPOSED | DIRECTOR_REVIEW_REQUIRED,DENTAL,dental-radiology;dental-records,Radiografía cefalométrica lateral,Radiografía cefalométrica lateral,MXMED active catalog,dental_cephalometric_xray,dental_cephalometric_xray,EXACT_EXISTING,,retain canonical identity,current contract,current mapped routing,current result contract,P1_COMMON_MEXICO_GENERAL,MXMED active clinical_study_types; external family evidence in source register,,NONE,Representative active orderable; counted in curated common-concept denominator
AUDIT_ONLY | PROPOSED | DIRECTOR_REVIEW_REQUIRED,DENTAL,dental-records,Fotografías clínicas odontológicas,Fotografías clínicas odontológicas,MXMED active catalog,dental_clinical_photographs,dental_clinical_photographs,EXACT_EXISTING,,retain canonical identity,current contract,current mapped routing,current result contract,P2_COMMON_MEXICO_SPECIALTY,MXMED active clinical_study_types; external family evidence in source register,,NONE,Representative active orderable; counted in curated common-concept denominator
AUDIT_ONLY | PROPOSED | DIRECTOR_REVIEW_REQUIRED,DENTAL,dental-records;dental-scan-models,Escaneo intraoral dental,Escaneo intraoral dental,MXMED active catalog,dental_intraoral_scan,dental_intraoral_scan,EXACT_EXISTING,,retain canonical identity,current contract,current mapped routing,current result contract,P2_COMMON_MEXICO_SPECIALTY,MXMED active clinical_study_types; external family evidence in source register,,NONE,Representative active orderable; counted in curated common-concept denominator
AUDIT_ONLY | PROPOSED | DIRECTOR_REVIEW_REQUIRED,DENTAL,dental-radiology;dental-records,Radiografía panorámica dental,Radiografía panorámica dental,MXMED active catalog,dental_panoramic_xray,dental_panoramic_xray,EXACT_EXISTING,,retain canonical identity,current contract,current mapped routing,current result contract,P1_COMMON_MEXICO_GENERAL,MXMED active clinical_study_types; external family evidence in source register,,NONE,Representative active orderable; counted in curated common-concept denominator
AUDIT_ONLY | PROPOSED | DIRECTOR_REVIEW_REQUIRED,DENTAL,dental-records;dental-scan-models,Modelo de estudio dental,Modelo de estudio dental,MXMED active catalog,dental_study_model,dental_study_model,EXACT_EXISTING,,retain canonical identity,current contract,current mapped routing,current result contract,P2_COMMON_MEXICO_SPECIALTY,MXMED active clinical_study_types; external family evidence in source register,,NONE,Representative active orderable; counted in curated common-concept denominator
AUDIT_ONLY | PROPOSED | DIRECTOR_REVIEW_REQUIRED,IMG,densitometry,Densitometría ósea (DEXA),Densitometría ósea (DEXA),MXMED active catalog,dexa,dexa,EXACT_EXISTING,,retain canonical identity,current contract,current mapped routing,current result contract,P2_COMMON_MEXICO_SPECIALTY,MXMED active clinical_study_types; external family evidence in source register,,NONE,Representative active orderable; counted in curated common-concept denominator
AUDIT_ONLY | PROPOSED | DIRECTOR_REVIEW_REQUIRED,LAB,endocrine,Sulfato de dehidroepiandrosterona,Sulfato de dehidroepiandrosterona,MXMED active catalog,dheas_serum,dheas_serum,EXACT_EXISTING,,retain canonical identity,current contract,current mapped routing,current result contract,CURRENT_BASELINE,MXMED active clinical_study_types; external family evidence in source register,,NONE,"Active baseline; this row is inventory, not a new commonness assertion"
AUDIT_ONLY | PROPOSED | DIRECTOR_REVIEW_REQUIRED,FUNC,pulmonary,DLCO (difusión de CO),DLCO (difusión de CO),MXMED active catalog,dlco,dlco,EXACT_EXISTING,,retain canonical identity,current contract,current mapped routing,current result contract,P2_COMMON_MEXICO_SPECIALTY,MXMED active clinical_study_types; external family evidence in source register,,NONE,Representative active orderable; counted in curated common-concept denominator
AUDIT_ONLY | PROPOSED | DIRECTOR_REVIEW_REQUIRED,PROC,bronchoscopy,EBUS (ultrasonido endobronquial),EBUS (ultrasonido endobronquial),MXMED active catalog,ebus_base,ebus_base,EXACT_EXISTING,,retain canonical identity,current contract,current mapped routing,current result contract,P2_COMMON_MEXICO_SPECIALTY,MXMED active clinical_study_types; external family evidence in source register,,NONE,Representative active orderable; counted in curated common-concept denominator
AUDIT_ONLY | PROPOSED | DIRECTOR_REVIEW_REQUIRED,FUNC,cardiovascular,ECG 12 derivaciones,ECG 12 derivaciones,MXMED active catalog,ecg_12lead,ecg_12lead,EXACT_EXISTING,,retain canonical identity,current contract,current mapped routing,current result contract,P2_COMMON_MEXICO_SPECIALTY,MXMED active clinical_study_types; external family evidence in source register,,NONE,Representative active orderable; counted in curated common-concept denominator
AUDIT_ONLY | PROPOSED | DIRECTOR_REVIEW_REQUIRED,FUNC,cardiovascular,Tira de ritmo,Tira de ritmo,MXMED active catalog,ecg_rhythm_strip,ecg_rhythm_strip,EXACT_EXISTING,,retain canonical identity,current contract,current mapped routing,current result contract,CURRENT_BASELINE,MXMED active clinical_study_types; external family evidence in source register,,NONE,"Active baseline; this row is inventory, not a new commonness assertion"
AUDIT_ONLY | PROPOSED | DIRECTOR_REVIEW_REQUIRED,FUNC,ultrasound_cardiac,Ecocardiograma transesofágico (ETE),Ecocardiograma transesofágico (ETE),MXMED active catalog,echo_tes,echo_tes,EXACT_EXISTING,,retain canonical identity,current contract,current mapped routing,current result contract,P2_COMMON_MEXICO_SPECIALTY,MXMED active clinical_study_types; external family evidence in source register,,NONE,Representative active orderable; counted in curated common-concept denominator
AUDIT_ONLY | PROPOSED | DIRECTOR_REVIEW_REQUIRED,FUNC,ultrasound_cardiac,Ecocardiograma transtorácico (ETT),Ecocardiograma transtorácico (ETT),MXMED active catalog,echo_tte,echo_tte,EXACT_EXISTING,,retain canonical identity,current contract,current mapped routing,current result contract,CURRENT_BASELINE,MXMED active clinical_study_types; external family evidence in source register,,NONE,"Active baseline; this row is inventory, not a new commonness assertion"
AUDIT_ONLY | PROPOSED | DIRECTOR_REVIEW_REQUIRED,FUNC,neurophysiology,EEG rutinario,EEG rutinario,MXMED active catalog,eeg_routine,eeg_routine,EXACT_EXISTING,,retain canonical identity,current contract,current mapped routing,current result contract,P2_COMMON_MEXICO_SPECIALTY,MXMED active clinical_study_types; external family evidence in source register,,NONE,Representative active orderable; counted in curated common-concept denominator
AUDIT_ONLY | PROPOSED | DIRECTOR_REVIEW_REQUIRED,FUNC,neurophysiology,EEG con privación de sueño,EEG con privación de sueño,MXMED active catalog,eeg_sleep_deprived,eeg_sleep_deprived,EXACT_EXISTING,,retain canonical identity,current contract,current mapped routing,current result contract,CURRENT_BASELINE,MXMED active clinical_study_types; external family evidence in source register,,NONE,"Active baseline; this row is inventory, not a new commonness assertion"
AUDIT_ONLY | PROPOSED | DIRECTOR_REVIEW_REQUIRED,PROC,digestive_endoscopy,EGD/EDA (endoscopia alta),EGD/EDA (endoscopia alta),MXMED active catalog,egd_eda_base,egd_eda_base,EXACT_EXISTING,,retain canonical identity,current contract,current mapped routing,current result contract,P2_COMMON_MEXICO_SPECIALTY,MXMED active clinical_study_types; external family evidence in source register,,NONE,Representative active orderable; counted in curated common-concept denominator
AUDIT_ONLY | PROPOSED | DIRECTOR_REVIEW_REQUIRED,FUNC,neurophysiology,EMG + Velocidades de conducción nerviosa (VCN),EMG + Velocidades de conducción nerviosa (VCN),MXMED active catalog,emg_ncs,emg_ncs,EXACT_EXISTING,,retain canonical identity,current contract,current mapped routing,current result contract,P2_COMMON_MEXICO_SPECIALTY,MXMED active clinical_study_types; external family evidence in source register,,NONE,Representative active orderable; counted in curated common-concept denominator
AUDIT_ONLY | PROPOSED | DIRECTOR_REVIEW_REQUIRED,LAB,autoimmunity,ENA,ENA,MXMED active catalog,ena,ena,EXACT_EXISTING,,retain canonical identity,current contract,current mapped routing,current result contract,CURRENT_BASELINE,MXMED active clinical_study_types; external family evidence in source register,,NONE,"Active baseline; this row is inventory, not a new commonness assertion"
AUDIT_ONLY | PROPOSED | DIRECTOR_REVIEW_REQUIRED,PROC,digestive_endoscopy,Enteroscopia,Enteroscopia,MXMED active catalog,enteroscopy_base,enteroscopy_base,EXACT_EXISTING,,retain canonical identity,current contract,current mapped routing,current result contract,P2_COMMON_MEXICO_SPECIALTY,MXMED active clinical_study_types; external family evidence in source register,,NONE,Representative active orderable; counted in curated common-concept denominator
AUDIT_ONLY | PROPOSED | DIRECTOR_REVIEW_REQUIRED,PROC,digestive_endoscopy,CPRE / ERCP,CPRE / ERCP,MXMED active catalog,ercp_cpre_base,ercp_cpre_base,EXACT_EXISTING,,retain canonical identity,current contract,current mapped routing,current result contract,P2_COMMON_MEXICO_SPECIALTY,MXMED active clinical_study_types; external family evidence in source register,,NONE,Representative active orderable; counted in curated common-concept denominator
AUDIT_ONLY | PROPOSED | DIRECTOR_REVIEW_REQUIRED,LAB,hematology;inflammation,Velocidad de sedimentación globular (VSG),Velocidad de sedimentación globular (VSG),MXMED active catalog,esr,esr,EXACT_EXISTING,,retain canonical identity,current contract,current mapped routing,current result contract,CURRENT_BASELINE,MXMED active clinical_study_types; external family evidence in source register,,NONE,"Active baseline; this row is inventory, not a new commonness assertion"
AUDIT_ONLY | PROPOSED | DIRECTOR_REVIEW_REQUIRED,LAB,endocrine,Estradiol,Estradiol,MXMED active catalog,estradiol,estradiol,EXACT_EXISTING,,retain canonical identity,current contract,current mapped routing,current result contract,CURRENT_BASELINE,MXMED active clinical_study_types; external family evidence in source register,,NONE,"Active baseline; this row is inventory, not a new commonness assertion"
AUDIT_ONLY | PROPOSED | DIRECTOR_REVIEW_REQUIRED,PROC,digestive_endoscopy,EUS/USE (ultrasonido endoscópico),EUS/USE (ultrasonido endoscópico),MXMED active catalog,eus_use_base,eus_use_base,EXACT_EXISTING,,retain canonical identity,current contract,current mapped routing,current result contract,P2_COMMON_MEXICO_SPECIALTY,MXMED active clinical_study_types; external family evidence in source register,,NONE,Representative active orderable; counted in curated common-concept denominator
AUDIT_ONLY | PROPOSED | DIRECTOR_REVIEW_REQUIRED,FUNC,neurophysiology,Potenciales auditivos de tronco (PEAT/BAEP),Potenciales auditivos de tronco (PEAT/BAEP),MXMED active catalog,evoked_auditory_baep,evoked_auditory_baep,EXACT_EXISTING,,retain canonical identity,current contract,current mapped routing,current result contract,P2_COMMON_MEXICO_SPECIALTY,MXMED active clinical_study_types; external family evidence in source register,,NONE,Representative active orderable; counted in curated common-concept denominator
AUDIT_ONLY | PROPOSED | DIRECTOR_REVIEW_REQUIRED,FUNC,neurophysiology,Potenciales somatosensoriales (PESS/SSEP),Potenciales somatosensoriales (PESS/SSEP),MXMED active catalog,evoked_ssep,evoked_ssep,EXACT_EXISTING,,retain canonical identity,current contract,current mapped routing,current result contract,CURRENT_BASELINE,MXMED active clinical_study_types; external family evidence in source register,,NONE,"Active baseline; this row is inventory, not a new commonness assertion"
AUDIT_ONLY | PROPOSED | DIRECTOR_REVIEW_REQUIRED,FUNC,neurophysiology,Potenciales evocados visuales (PEV),Potenciales evocados visuales (PEV),MXMED active catalog,evoked_visual,evoked_visual,EXACT_EXISTING,,retain canonical identity,current contract,current mapped routing,current result contract,CURRENT_BASELINE,MXMED active clinical_study_types; external family evidence in source register,,NONE,"Active baseline; this row is inventory, not a new commonness assertion"
AUDIT_ONLY | PROPOSED | DIRECTOR_REVIEW_REQUIRED,LAB,stool,Sangre oculta en heces,Sangre oculta en heces,MXMED active catalog,fecal_occult_blood,fecal_occult_blood,EXACT_EXISTING,,retain canonical identity,current contract,current mapped routing,current result contract,CURRENT_BASELINE,MXMED active clinical_study_types; external family evidence in source register,,NONE,"Active baseline; this row is inventory, not a new commonness assertion"
AUDIT_ONLY | PROPOSED | DIRECTOR_REVIEW_REQUIRED,FUNC,pulmonary,FeNO (óxido nítrico exhalado),FeNO (óxido nítrico exhalado),MXMED active catalog,feno,feno,EXACT_EXISTING,,retain canonical identity,current contract,current mapped routing,current result contract,CURRENT_BASELINE,MXMED active clinical_study_types; external family evidence in source register,,NONE,"Active baseline; this row is inventory, not a new commonness assertion"
AUDIT_ONLY | PROPOSED | DIRECTOR_REVIEW_REQUIRED,LAB,hematology,Ferritina,Ferritina,MXMED active catalog,ferritin,ferritin,EXACT_EXISTING,,retain canonical identity,current contract,current mapped routing,current result contract,CURRENT_BASELINE,MXMED active clinical_study_types; external family evidence in source register,,NONE,"Active baseline; this row is inventory, not a new commonness assertion"
AUDIT_ONLY | PROPOSED | DIRECTOR_REVIEW_REQUIRED,LAB,coagulation,Fibrinógeno,Fibrinógeno,MXMED active catalog,fibrinogen,fibrinogen,EXACT_EXISTING,,retain canonical identity,current contract,current mapped routing,current result contract,CURRENT_BASELINE,MXMED active clinical_study_types; external family evidence in source register,,NONE,"Active baseline; this row is inventory, not a new commonness assertion"
AUDIT_ONLY | PROPOSED | DIRECTOR_REVIEW_REQUIRED,PROC,digestive_endoscopy,Sigmoidoscopia flexible,Sigmoidoscopia flexible,MXMED active catalog,flex_sig_base,flex_sig_base,EXACT_EXISTING,,retain canonical identity,current contract,current mapped routing,current result contract,P2_COMMON_MEXICO_SPECIALTY,MXMED active clinical_study_types; external family evidence in source register,,NONE,Representative active orderable; counted in curated common-concept denominator
AUDIT_ONLY | PROPOSED | DIRECTOR_REVIEW_REQUIRED,IMG,radiography,Enema baritado,Enema baritado,MXMED active catalog,fluoro_barium_enema,fluoro_barium_enema,EXACT_EXISTING,,retain canonical identity,current contract,current mapped routing,current result contract,CURRENT_BASELINE,MXMED active clinical_study_types; external family evidence in source register,,NONE,"Active baseline; this row is inventory, not a new commonness assertion"
AUDIT_ONLY | PROPOSED | DIRECTOR_REVIEW_REQUIRED,IMG,radiography,Histerosalpingografía (HSG),Histerosalpingografía (HSG),MXMED active catalog,fluoro_hsg,fluoro_hsg,EXACT_EXISTING,,retain canonical identity,current contract,current mapped routing,current result contract,CURRENT_BASELINE,MXMED active clinical_study_types; external family evidence in source register,,NONE,"Active baseline; this row is inventory, not a new commonness assertion"
AUDIT_ONLY | PROPOSED | DIRECTOR_REVIEW_REQUIRED,IMG,radiography,Tránsito esófago-gastro-duodenal (UGI),Tránsito esófago-gastro-duodenal (UGI),MXMED active catalog,fluoro_ugi,fluoro_ugi,EXACT_EXISTING,,retain canonical identity,current contract,current mapped routing,current result contract,P2_COMMON_MEXICO_SPECIALTY,MXMED active clinical_study_types; external family evidence in source register,,NONE,Representative active orderable; counted in curated common-concept denominator
AUDIT_ONLY | PROPOSED | DIRECTOR_REVIEW_REQUIRED,IMG,radiography,Cistouretrografía miccional (VCUG),Cistouretrografía miccional (VCUG),MXMED active catalog,fluoro_vcug,fluoro_vcug,EXACT_EXISTING,,retain canonical identity,current contract,current mapped routing,current result contract,CURRENT_BASELINE,MXMED active clinical_study_types; external family evidence in source register,,NONE,"Active baseline; this row is inventory, not a new commonness assertion"
AUDIT_ONLY | PROPOSED | DIRECTOR_REVIEW_REQUIRED,LAB,chemistry,Ácido fólico,Ácido fólico,MXMED active catalog,folate,folate,EXACT_EXISTING,,retain canonical identity,current contract,current mapped routing,current result contract,CURRENT_BASELINE,MXMED active clinical_study_types; external family evidence in source register,,NONE,"Active baseline; this row is inventory, not a new commonness assertion"
AUDIT_ONLY | PROPOSED | DIRECTOR_REVIEW_REQUIRED,LAB,chemistry,Fructosamina,Fructosamina,MXMED active catalog,fructosamine,fructosamine,EXACT_EXISTING,,retain canonical identity,current contract,current mapped routing,current result contract,CURRENT_BASELINE,MXMED active clinical_study_types; external family evidence in source register,,NONE,"Active baseline; this row is inventory, not a new commonness assertion"
AUDIT_ONLY | PROPOSED | DIRECTOR_REVIEW_REQUIRED,LAB,endocrine,FSH,FSH,MXMED active catalog,fsh,fsh,EXACT_EXISTING,,retain canonical identity,current contract,current mapped routing,current result contract,CURRENT_BASELINE,MXMED active clinical_study_types; external family evidence in source register,,NONE,"Active baseline; this row is inventory, not a new commonness assertion"
AUDIT_ONLY | PROPOSED | DIRECTOR_REVIEW_REQUIRED,LAB,endocrine,T3 libre,T3 libre,MXMED active catalog,ft3,ft3,EXACT_EXISTING,,retain canonical identity,current contract,current mapped routing,current result contract,CURRENT_BASELINE,MXMED active clinical_study_types; external family evidence in source register,,NONE,"Active baseline; this row is inventory, not a new commonness assertion"
AUDIT_ONLY | PROPOSED | DIRECTOR_REVIEW_REQUIRED,LAB,endocrine,T4 libre,T4 libre,MXMED active catalog,ft4,ft4,EXACT_EXISTING,,retain canonical identity,current contract,current mapped routing,current result contract,P2_COMMON_MEXICO_SPECIALTY,MXMED active clinical_study_types; external family evidence in source register,,NONE,Representative active orderable; counted in curated common-concept denominator
AUDIT_ONLY | PROPOSED | DIRECTOR_REVIEW_REQUIRED,FUNC,pulmonary,Pruebas funcionales respiratorias completas (PFR completo),Pruebas funcionales respiratorias completas (PFR completo),MXMED active catalog,full_pft,full_pft,EXACT_EXISTING,,retain canonical identity,current contract,current mapped routing,current result contract,P2_COMMON_MEXICO_SPECIALTY,MXMED active clinical_study_types; external family evidence in source register,,NONE,Representative active orderable; counted in curated common-concept denominator
AUDIT_ONLY | PROPOSED | DIRECTOR_REVIEW_REQUIRED,LAB,chemistry,GGT,GGT,MXMED active catalog,ggt,ggt,EXACT_EXISTING,,retain canonical identity,current contract,current mapped routing,current result contract,CURRENT_BASELINE,MXMED active clinical_study_types; external family evidence in source register,,NONE,"Active baseline; this row is inventory, not a new commonness assertion"
AUDIT_ONLY | PROPOSED | DIRECTOR_REVIEW_REQUIRED,LAB,chemistry,Glucosa,Glucosa,MXMED active catalog,glucose,glucose,EXACT_EXISTING,,retain canonical identity,current contract,current mapped routing,current result contract,P2_COMMON_MEXICO_SPECIALTY,MXMED active clinical_study_types; external family evidence in source register,,NONE,Representative active orderable; counted in curated common-concept denominator
AUDIT_ONLY | PROPOSED | DIRECTOR_REVIEW_REQUIRED,LAB,endocrine,Hemoglobina glicosilada (HbA1c),Hemoglobina glicosilada (HbA1c),MXMED active catalog,hba1c,hba1c,EXACT_EXISTING,,retain canonical identity,current contract,current mapped routing,current result contract,P2_COMMON_MEXICO_SPECIALTY,MXMED active clinical_study_types; external family evidence in source register,,NONE,Representative active orderable; counted in curated common-concept denominator
AUDIT_ONLY | PROPOSED | DIRECTOR_REVIEW_REQUIRED,LAB,hepatitis_serology,HBsAg,HBsAg,MXMED active catalog,hbsag,hbsag,EXACT_EXISTING,,retain canonical identity,current contract,current mapped routing,current result contract,P2_COMMON_MEXICO_SPECIALTY,MXMED active clinical_study_types; external family evidence in source register,,NONE,Representative active orderable; counted in curated common-concept denominator
AUDIT_ONLY | PROPOSED | DIRECTOR_REVIEW_REQUIRED,LAB,hepatitis_serology,VHC (anticuerpos),VHC (anticuerpos),MXMED active catalog,hcv_ab,hcv_ab,EXACT_EXISTING,,retain canonical identity,current contract,current mapped routing,current result contract,CURRENT_BASELINE,MXMED active clinical_study_types; external family evidence in source register,,NONE,"Active baseline; this row is inventory, not a new commonness assertion"
AUDIT_ONLY | PROPOSED | DIRECTOR_REVIEW_REQUIRED,LAB,chemistry,HDL,HDL,MXMED active catalog,hdl,hdl,EXACT_EXISTING,,retain canonical identity,current contract,current mapped routing,current result contract,CURRENT_BASELINE,MXMED active clinical_study_types; external family evidence in source register,,NONE,"Active baseline; this row is inventory, not a new commonness assertion"
AUDIT_ONLY | PROPOSED | DIRECTOR_REVIEW_REQUIRED,LAB,germline_genetics;hereditary_oncology;panels,Panel de cáncer hereditario (multigénico),Panel de cáncer hereditario (multigénico),MXMED active catalog,hereditary_cancer_germline,hereditary_cancer_germline,EXACT_EXISTING,,retain canonical identity,current contract,current mapped routing,current result contract,CURRENT_BASELINE,MXMED active clinical_study_types; external family evidence in source register,,NONE,"Active baseline; this row is inventory, not a new commonness assertion"
AUDIT_ONLY | PROPOSED | DIRECTOR_REVIEW_REQUIRED,LAB,infectious_serology,VIH Ag/Ac,VIH Ag/Ac,MXMED active catalog,hiv_ag_ac,hiv_ag_ac,EXACT_EXISTING,,retain canonical identity,current contract,current mapped routing,current result contract,P2_COMMON_MEXICO_SPECIALTY,MXMED active clinical_study_types; external family evidence in source register,,NONE,Representative active orderable; counted in curated common-concept denominator
AUDIT_ONLY | PROPOSED | DIRECTOR_REVIEW_REQUIRED,FUNC,cardiovascular,Holter / monitorización ECG ambulatoria,Holter / monitorización ECG ambulatoria,MXMED active catalog,holter,holter,EXACT_EXISTING,,retain canonical identity,current contract,current mapped routing,current result contract,P2_COMMON_MEXICO_SPECIALTY,MXMED active clinical_study_types; external family evidence in source register,,NONE,Representative active orderable; counted in curated common-concept denominator
AUDIT_ONLY | PROPOSED | DIRECTOR_REVIEW_REQUIRED,FUNC,sleep,Estudio domiciliario de apnea (HSAT),Estudio domiciliario de apnea (HSAT),MXMED active catalog,hsat,hsat,EXACT_EXISTING,,retain canonical identity,current contract,current mapped routing,current result contract,P2_COMMON_MEXICO_SPECIALTY,MXMED active clinical_study_types; external family evidence in source register,,NONE,Representative active orderable; counted in curated common-concept denominator
AUDIT_ONLY | PROPOSED | DIRECTOR_REVIEW_REQUIRED,LAB,immunoglobulins,IgA,IgA,MXMED active catalog,iga,iga,EXACT_EXISTING,,retain canonical identity,current contract,current mapped routing,current result contract,CURRENT_BASELINE,MXMED active clinical_study_types; external family evidence in source register,,NONE,"Active baseline; this row is inventory, not a new commonness assertion"
AUDIT_ONLY | PROPOSED | DIRECTOR_REVIEW_REQUIRED,LAB,immunoglobulins,IgG,IgG,MXMED active catalog,igg,igg,EXACT_EXISTING,,retain canonical identity,current contract,current mapped routing,current result contract,CURRENT_BASELINE,MXMED active clinical_study_types; external family evidence in source register,,NONE,"Active baseline; this row is inventory, not a new commonness assertion"
AUDIT_ONLY | PROPOSED | DIRECTOR_REVIEW_REQUIRED,LAB,immunoglobulins,IgM,IgM,MXMED active catalog,igm,igm,EXACT_EXISTING,,retain canonical identity,current contract,current mapped routing,current result contract,CURRENT_BASELINE,MXMED active clinical_study_types; external family evidence in source register,,NONE,"Active baseline; this row is inventory, not a new commonness assertion"
AUDIT_ONLY | PROPOSED | DIRECTOR_REVIEW_REQUIRED,LAB,endocrine,Insulina sérica,Insulina sérica,MXMED active catalog,insulin_serum,insulin_serum,EXACT_EXISTING,,retain canonical identity,current contract,current mapped routing,current result contract,CURRENT_BASELINE,MXMED active clinical_study_types; external family evidence in source register,,NONE,"Active baseline; this row is inventory, not a new commonness assertion"
AUDIT_ONLY | PROPOSED | DIRECTOR_REVIEW_REQUIRED,LAB,hematology,Hierro sérico,Hierro sérico,MXMED active catalog,iron,iron,EXACT_EXISTING,,retain canonical identity,current contract,current mapped routing,current result contract,CURRENT_BASELINE,MXMED active clinical_study_types; external family evidence in source register,,NONE,"Active baseline; this row is inventory, not a new commonness assertion"
AUDIT_ONLY | PROPOSED | DIRECTOR_REVIEW_REQUIRED,LAB,cytogenetics,Cariotipo,Cariotipo,MXMED active catalog,karyotype,karyotype,EXACT_EXISTING,,retain canonical identity,current contract,current mapped routing,current result contract,CURRENT_BASELINE,MXMED active clinical_study_types; external family evidence in source register,,NONE,"Active baseline; this row is inventory, not a new commonness assertion"
AUDIT_ONLY | PROPOSED | DIRECTOR_REVIEW_REQUIRED,LAB,stool,Antígeno de Helicobacter pylori en heces,Antígeno de Helicobacter pylori en heces,MXMED active catalog,lab_ag_helicobacter_pylori,lab_ag_helicobacter_pylori,EXACT_EXISTING,,retain canonical identity,current contract,current mapped routing,current result contract,CURRENT_BASELINE,MXMED active clinical_study_types; external family evidence in source register,,NONE,"Active baseline; this row is inventory, not a new commonness assertion"
AUDIT_ONLY | PROPOSED | DIRECTOR_REVIEW_REQUIRED,LAB,chemistry,Amonio,Amonio,MXMED active catalog,lab_amonio,lab_amonio,EXACT_EXISTING,,retain canonical identity,current contract,current mapped routing,current result contract,CURRENT_BASELINE,MXMED active clinical_study_types; external family evidence in source register,,NONE,"Active baseline; this row is inventory, not a new commonness assertion"
AUDIT_ONLY | PROPOSED | DIRECTOR_REVIEW_REQUIRED,LAB,stool,Calprotectina fecal cuantitativa,Calprotectina fecal cuantitativa,MXMED active catalog,lab_calprotectina_cuantificada,lab_calprotectina_cuantificada,EXACT_EXISTING,,retain canonical identity,current contract,current mapped routing,current result contract,CURRENT_BASELINE,MXMED active clinical_study_types; external family evidence in source register,,NONE,"Active baseline; this row is inventory, not a new commonness assertion"
AUDIT_ONLY | PROPOSED | DIRECTOR_REVIEW_REQUIRED,LAB,chemistry,Creatina cinasa MB,Creatina cinasa MB,MXMED active catalog,lab_ck_mb,lab_ck_mb,EXACT_EXISTING,,retain canonical identity,current contract,current mapped routing,current result contract,CURRENT_BASELINE,MXMED active clinical_study_types; external family evidence in source register,,NONE,"Active baseline; this row is inventory, not a new commonness assertion"
AUDIT_ONLY | PROPOSED | DIRECTOR_REVIEW_REQUIRED,LAB,hematology,Coombs directo,Coombs directo,MXMED active catalog,lab_coombs_directo,lab_coombs_directo,EXACT_EXISTING,,retain canonical identity,current contract,current mapped routing,current result contract,CURRENT_BASELINE,MXMED active clinical_study_types; external family evidence in source register,,NONE,"Active baseline; this row is inventory, not a new commonness assertion"
AUDIT_ONLY | PROPOSED | DIRECTOR_REVIEW_REQUIRED,LAB,hematology,Coombs indirecto,Coombs indirecto,MXMED active catalog,lab_coombs_indirecto,lab_coombs_indirecto,EXACT_EXISTING,,retain canonical identity,current contract,current mapped routing,current result contract,CURRENT_BASELINE,MXMED active clinical_study_types; external family evidence in source register,,NONE,"Active baseline; this row is inventory, not a new commonness assertion"
AUDIT_ONLY | PROPOSED | DIRECTOR_REVIEW_REQUIRED,LAB,chemistry,Creatina cinasa total,Creatina cinasa total,MXMED active catalog,lab_cpk,lab_cpk,EXACT_EXISTING,,retain canonical identity,current contract,current mapped routing,current result contract,CURRENT_BASELINE,MXMED active clinical_study_types; external family evidence in source register,,NONE,"Active baseline; this row is inventory, not a new commonness assertion"
AUDIT_ONLY | PROPOSED | DIRECTOR_REVIEW_REQUIRED,LAB,hematology,Frotis sanguíneo,Frotis sanguíneo,MXMED active catalog,lab_frotis_sanguineo,lab_frotis_sanguineo,EXACT_EXISTING,,retain canonical identity,current contract,current mapped routing,current result contract,CURRENT_BASELINE,MXMED active clinical_study_types; external family evidence in source register,,NONE,"Active baseline; this row is inventory, not a new commonness assertion"
AUDIT_ONLY | PROPOSED | DIRECTOR_REVIEW_REQUIRED,LAB,drugs,Litio,Litio,MXMED active catalog,lab_litio,lab_litio,EXACT_EXISTING,,retain canonical identity,current contract,current mapped routing,current result contract,CURRENT_BASELINE,MXMED active clinical_study_types; external family evidence in source register,,NONE,"Active baseline; this row is inventory, not a new commonness assertion"
AUDIT_ONLY | PROPOSED | DIRECTOR_REVIEW_REQUIRED,LAB,hematology,Reticulocitos,Reticulocitos,MXMED active catalog,lab_reticulocitos,lab_reticulocitos,EXACT_EXISTING,,retain canonical identity,current contract,current mapped routing,current result contract,CURRENT_BASELINE,MXMED active clinical_study_types; external family evidence in source register,,NONE,"Active baseline; this row is inventory, not a new commonness assertion"
AUDIT_ONLY | PROPOSED | DIRECTOR_REVIEW_REQUIRED,LAB,coagulation,Tiempo de protrombina,Tiempo de protrombina,MXMED active catalog,lab_tiempo_de_protrombina,lab_tiempo_de_protrombina,EXACT_EXISTING,,retain canonical identity,current contract,current mapped routing,current result contract,P2_COMMON_MEXICO_SPECIALTY,MXMED active clinical_study_types; external family evidence in source register,,NONE,Representative active orderable; counted in curated common-concept denominator
AUDIT_ONLY | PROPOSED | DIRECTOR_REVIEW_REQUIRED,LAB,coagulation,Tiempo de trombina,Tiempo de trombina,MXMED active catalog,lab_tiempo_de_trombina,lab_tiempo_de_trombina,EXACT_EXISTING,,retain canonical identity,current contract,current mapped routing,current result contract,CURRENT_BASELINE,MXMED active clinical_study_types; external family evidence in source register,,NONE,"Active baseline; this row is inventory, not a new commonness assertion"
AUDIT_ONLY | PROPOSED | DIRECTOR_REVIEW_REQUIRED,PROC,laryngoscopy,Laringoscopía flexible,Laringoscopía flexible,MXMED active catalog,laryngoscopy_base,laryngoscopy_base,EXACT_EXISTING,,retain canonical identity,current contract,current mapped routing,current result contract,P2_COMMON_MEXICO_SPECIALTY,MXMED active clinical_study_types; external family evidence in source register,,NONE,Representative active orderable; counted in curated common-concept denominator
AUDIT_ONLY | PROPOSED | DIRECTOR_REVIEW_REQUIRED,LAB,chemistry,Lactato deshidrogenasa sérica,Lactato deshidrogenasa sérica,MXMED active catalog,ldh_serum,ldh_serum,EXACT_EXISTING,,retain canonical identity,current contract,current mapped routing,current result contract,CURRENT_BASELINE,MXMED active clinical_study_types; external family evidence in source register,,NONE,"Active baseline; this row is inventory, not a new commonness assertion"
AUDIT_ONLY | PROPOSED | DIRECTOR_REVIEW_REQUIRED,LAB,chemistry,LDL,LDL,MXMED active catalog,ldl,ldl,EXACT_EXISTING,,retain canonical identity,current contract,current mapped routing,current result contract,CURRENT_BASELINE,MXMED active clinical_study_types; external family evidence in source register,,NONE,"Active baseline; this row is inventory, not a new commonness assertion"
AUDIT_ONLY | PROPOSED | DIRECTOR_REVIEW_REQUIRED,LAB,endocrine,LH,LH,MXMED active catalog,lh,lh,EXACT_EXISTING,,retain canonical identity,current contract,current mapped routing,current result contract,CURRENT_BASELINE,MXMED active clinical_study_types; external family evidence in source register,,NONE,"Active baseline; this row is inventory, not a new commonness assertion"
AUDIT_ONLY | PROPOSED | DIRECTOR_REVIEW_REQUIRED,LAB,chemistry,Lipasa,Lipasa,MXMED active catalog,lipase,lipase,EXACT_EXISTING,,retain canonical identity,current contract,current mapped routing,current result contract,CURRENT_BASELINE,MXMED active clinical_study_types; external family evidence in source register,,NONE,"Active baseline; this row is inventory, not a new commonness assertion"
AUDIT_ONLY | PROPOSED | DIRECTOR_REVIEW_REQUIRED,FUNC,ultrasound_vascular,Doppler arterial de miembros inferiores,Doppler arterial de miembros inferiores,MXMED active catalog,lower_ext_art_doppler,lower_ext_art_doppler,EXACT_EXISTING,,retain canonical identity,current contract,current mapped routing,current result contract,CURRENT_BASELINE,MXMED active clinical_study_types; external family evidence in source register,,NONE,"Active baseline; this row is inventory, not a new commonness assertion"
AUDIT_ONLY | PROPOSED | DIRECTOR_REVIEW_REQUIRED,FUNC,ultrasound_vascular,Doppler venoso de miembros inferiores,Doppler venoso de miembros inferiores,MXMED active catalog,lower_ext_venous_doppler,lower_ext_venous_doppler,EXACT_EXISTING,,retain canonical identity,current contract,current mapped routing,current result contract,CURRENT_BASELINE,MXMED active clinical_study_types; external family evidence in source register,,NONE,"Active baseline; this row is inventory, not a new commonness assertion"
AUDIT_ONLY | PROPOSED | DIRECTOR_REVIEW_REQUIRED,LAB,germline_genetics;hereditary_oncology,Síndrome de Lynch (germinal),Síndrome de Lynch (germinal),MXMED active catalog,lynch,lynch,EXACT_EXISTING,,retain canonical identity,current contract,current mapped routing,current result contract,CURRENT_BASELINE,MXMED active clinical_study_types; external family evidence in source register,,NONE,"Active baseline; this row is inventory, not a new commonness assertion"
AUDIT_ONLY | PROPOSED | DIRECTOR_REVIEW_REQUIRED,LAB,chemistry,Magnesio,Magnesio,MXMED active catalog,magnesium,magnesium,EXACT_EXISTING,,retain canonical identity,current contract,current mapped routing,current result contract,CURRENT_BASELINE,MXMED active clinical_study_types; external family evidence in source register,,NONE,"Active baseline; this row is inventory, not a new commonness assertion"
AUDIT_ONLY | PROPOSED | DIRECTOR_REVIEW_REQUIRED,IMG,breast_imaging,Mamografía,Mamografía,MXMED active catalog,mammo,mammo,EXACT_EXISTING,,retain canonical identity,current contract,current mapped routing,current result contract,P2_COMMON_MEXICO_SPECIALTY,MXMED active clinical_study_types; external family evidence in source register,,NONE,Representative active orderable; counted in curated common-concept denominator
AUDIT_ONLY | PROPOSED | DIRECTOR_REVIEW_REQUIRED,LAB,urine,Microalbuminuria,Microalbuminuria,MXMED active catalog,microalbumin,microalbumin,EXACT_EXISTING,,retain canonical identity,current contract,current mapped routing,current result contract,CURRENT_BASELINE,MXMED active clinical_study_types; external family evidence in source register,,NONE,"Active baseline; this row is inventory, not a new commonness assertion"
AUDIT_ONLY | PROPOSED | DIRECTOR_REVIEW_REQUIRED,IMG,magnetic_resonance,RM Abdomen,RM Abdomen,MXMED active catalog,mr_abdomen,mr_abdomen,EXACT_EXISTING,,retain canonical identity,current contract,current mapped routing,current result contract,CURRENT_BASELINE,MXMED active clinical_study_types; external family evidence in source register,,NONE,"Active baseline; this row is inventory, not a new commonness assertion"
AUDIT_ONLY | PROPOSED | DIRECTOR_REVIEW_REQUIRED,IMG,magnetic_resonance,RM Cerebro,RM Cerebro,MXMED active catalog,mr_brain,mr_brain,EXACT_EXISTING,,retain canonical identity,current contract,current mapped routing,current result contract,P2_COMMON_MEXICO_SPECIALTY,MXMED active clinical_study_types; external family evidence in source register,,NONE,Representative active orderable; counted in curated common-concept denominator
AUDIT_ONLY | PROPOSED | DIRECTOR_REVIEW_REQUIRED,IMG,magnetic_resonance,RM Rodilla,RM Rodilla,MXMED active catalog,mr_knee,mr_knee,EXACT_EXISTING,,retain canonical identity,current contract,current mapped routing,current result contract,CURRENT_BASELINE,MXMED active clinical_study_types; external family evidence in source register,,NONE,"Active baseline; this row is inventory, not a new commonness assertion"
AUDIT_ONLY | PROPOSED | DIRECTOR_REVIEW_REQUIRED,IMG,magnetic_resonance,RM Hombro,RM Hombro,MXMED active catalog,mr_shoulder,mr_shoulder,EXACT_EXISTING,,retain canonical identity,current contract,current mapped routing,current result contract,CURRENT_BASELINE,MXMED active clinical_study_types; external family evidence in source register,,NONE,"Active baseline; this row is inventory, not a new commonness assertion"
AUDIT_ONLY | PROPOSED | DIRECTOR_REVIEW_REQUIRED,FUNC,sleep,MSLT (latencias múltiples del sueño),MSLT (latencias múltiples del sueño),MXMED active catalog,mslt,mslt,EXACT_EXISTING,,retain canonical identity,current contract,current mapped routing,current result contract,CURRENT_BASELINE,MXMED active clinical_study_types; external family evidence in source register,,NONE,"Active baseline; this row is inventory, not a new commonness assertion"
AUDIT_ONLY | PROPOSED | DIRECTOR_REVIEW_REQUIRED,FUNC,sleep,MWT (mantenimiento de la vigilia),MWT (mantenimiento de la vigilia),MXMED active catalog,mwt,mwt,EXACT_EXISTING,,retain canonical identity,current contract,current mapped routing,current result contract,CURRENT_BASELINE,MXMED active clinical_study_types; external family evidence in source register,,NONE,"Active baseline; this row is inventory, not a new commonness assertion"
AUDIT_ONLY | PROPOSED | DIRECTOR_REVIEW_REQUIRED,LAB,prenatal_genetics,NIPT (tamiz prenatal no invasivo),NIPT (tamiz prenatal no invasivo),MXMED active catalog,nipt,nipt,EXACT_EXISTING,,retain canonical identity,current contract,current mapped routing,current result contract,CURRENT_BASELINE,MXMED active clinical_study_types; external family evidence in source register,,NONE,"Active baseline; this row is inventory, not a new commonness assertion"
AUDIT_ONLY | PROPOSED | DIRECTOR_REVIEW_REQUIRED,IMG,nuclear,Gammagrama óseo,Gammagrama óseo,MXMED active catalog,nm_bone_scan,nm_bone_scan,EXACT_EXISTING,,retain canonical identity,current contract,current mapped routing,current result contract,P2_COMMON_MEXICO_SPECIALTY,MXMED active clinical_study_types; external family evidence in source register,,NONE,Representative active orderable; counted in curated common-concept denominator
AUDIT_ONLY | PROPOSED | DIRECTOR_REVIEW_REQUIRED,IMG,nuclear,Captación tiroidea,Captación tiroidea,MXMED active catalog,nm_thyroid_uptake,nm_thyroid_uptake,EXACT_EXISTING,,retain canonical identity,current contract,current mapped routing,current result contract,CURRENT_BASELINE,MXMED active clinical_study_types; external family evidence in source register,,NONE,"Active baseline; this row is inventory, not a new commonness assertion"
AUDIT_ONLY | PROPOSED | DIRECTOR_REVIEW_REQUIRED,LAB,chemistry,Colesterol no-HDL,Colesterol no-HDL,MXMED active catalog,non_hdl,non_hdl,EXACT_EXISTING,,retain canonical identity,current contract,current mapped routing,current result contract,CURRENT_BASELINE,MXMED active clinical_study_types; external family evidence in source register,,NONE,"Active baseline; this row is inventory, not a new commonness assertion"
AUDIT_ONLY | PROPOSED | DIRECTOR_REVIEW_REQUIRED,LAB,endocrine,Curva de glucosa (OGTT),Curva de glucosa (OGTT),MXMED active catalog,ogtt,ogtt,EXACT_EXISTING,,retain canonical identity,current contract,current mapped routing,current result contract,CURRENT_BASELINE,MXMED active clinical_study_types; external family evidence in source register,,NONE,"Active baseline; this row is inventory, not a new commonness assertion"
AUDIT_ONLY | PROPOSED | DIRECTOR_REVIEW_REQUIRED,FUNC,audiovestibular,Emisiones otoacústicas (OEA),Emisiones otoacústicas (OEA),MXMED active catalog,otoacoustic_emissions,otoacoustic_emissions,EXACT_EXISTING,,retain canonical identity,current contract,current mapped routing,current result contract,P2_COMMON_MEXICO_SPECIALTY,MXMED active clinical_study_types; external family evidence in source register,,NONE,Representative active orderable; counted in curated common-concept denominator
AUDIT_ONLY | PROPOSED | DIRECTOR_REVIEW_REQUIRED,FUNC,pulmonary,Oximetría nocturna,Oximetría nocturna,MXMED active catalog,overnight_oximetry,overnight_oximetry,EXACT_EXISTING,,retain canonical identity,current contract,current mapped routing,current result contract,P2_COMMON_MEXICO_SPECIALTY,MXMED active clinical_study_types; external family evidence in source register,,NONE,Representative active orderable; counted in curated common-concept denominator
AUDIT_ONLY | PROPOSED | DIRECTOR_REVIEW_REQUIRED,IMG,nuclear,PET-CT,PET-CT,MXMED active catalog,pet_ct,pet_ct,EXACT_EXISTING,,retain canonical identity,current contract,current mapped routing,current result contract,P2_COMMON_MEXICO_SPECIALTY,MXMED active clinical_study_types; external family evidence in source register,,NONE,Representative active orderable; counted in curated common-concept denominator
AUDIT_ONLY | PROPOSED | DIRECTOR_REVIEW_REQUIRED,LAB,pharmacogenomics;panels,Panel farmacogenómico (PGx),Panel farmacogenómico (PGx),MXMED active catalog,pgx,pgx,EXACT_EXISTING,,retain canonical identity,current contract,current mapped routing,current result contract,CURRENT_BASELINE,MXMED active clinical_study_types; external family evidence in source register,,NONE,"Active baseline; this row is inventory, not a new commonness assertion"
AUDIT_ONLY | PROPOSED | DIRECTOR_REVIEW_REQUIRED,LAB,chemistry,Fósforo,Fósforo,MXMED active catalog,phosphorus,phosphorus,EXACT_EXISTING,,retain canonical identity,current contract,current mapped routing,current result contract,CURRENT_BASELINE,MXMED active clinical_study_types; external family evidence in source register,,NONE,"Active baseline; this row is inventory, not a new commonness assertion"
AUDIT_ONLY | PROPOSED | DIRECTOR_REVIEW_REQUIRED,LAB,hematology,Plaquetas,Plaquetas,MXMED active catalog,platelets,platelets,EXACT_EXISTING,,retain canonical identity,current contract,current mapped routing,current result contract,CURRENT_BASELINE,MXMED active clinical_study_types; external family evidence in source register,,NONE,"Active baseline; this row is inventory, not a new commonness assertion"
AUDIT_ONLY | PROPOSED | DIRECTOR_REVIEW_REQUIRED,FUNC,pulmonary,Volúmenes pulmonares (pletismografía corporal),Volúmenes pulmonares (pletismografía corporal),MXMED active catalog,plethysmography,plethysmography,EXACT_EXISTING,,retain canonical identity,current contract,current mapped routing,current result contract,P2_COMMON_MEXICO_SPECIALTY,MXMED active clinical_study_types; external family evidence in source register,,NONE,Representative active orderable; counted in curated common-concept denominator
AUDIT_ONLY | PROPOSED | DIRECTOR_REVIEW_REQUIRED,PROC,pleuroscopy,Pleuroscopía / Toracoscopía médica,Pleuroscopía / Toracoscopía médica,MXMED active catalog,pleuroscopy_base,pleuroscopy_base,EXACT_EXISTING,,retain canonical identity,current contract,current mapped routing,current result contract,P2_COMMON_MEXICO_SPECIALTY,MXMED active clinical_study_types; external family evidence in source register,,NONE,Representative active orderable; counted in curated common-concept denominator
AUDIT_ONLY | PROPOSED | DIRECTOR_REVIEW_REQUIRED,LAB,urine,Control de semen posvasectomía,Control de semen posvasectomía,MXMED active catalog,post_vasectomy_semen_check,post_vasectomy_semen_check,EXACT_EXISTING,,retain canonical identity,current contract,current mapped routing,current result contract,CURRENT_BASELINE,MXMED active clinical_study_types; external family evidence in source register,,NONE,"Active baseline; this row is inventory, not a new commonness assertion"
AUDIT_ONLY | PROPOSED | DIRECTOR_REVIEW_REQUIRED,LAB,chemistry,Potasio,Potasio,MXMED active catalog,potassium,potassium,EXACT_EXISTING,,retain canonical identity,current contract,current mapped routing,current result contract,CURRENT_BASELINE,MXMED active clinical_study_types; external family evidence in source register,,NONE,"Active baseline; this row is inventory, not a new commonness assertion"
AUDIT_ONLY | PROPOSED | DIRECTOR_REVIEW_REQUIRED,LAB,inflammation,Procalcitonina sérica,Procalcitonina sérica,MXMED active catalog,procalcitonin_serum,procalcitonin_serum,EXACT_EXISTING,,retain canonical identity,current contract,current mapped routing,current result contract,CURRENT_BASELINE,MXMED active clinical_study_types; external family evidence in source register,,NONE,"Active baseline; this row is inventory, not a new commonness assertion"
AUDIT_ONLY | PROPOSED | DIRECTOR_REVIEW_REQUIRED,PROC,digestive_endoscopy,Proctoscopia,Proctoscopia,MXMED active catalog,proctoscopy_base,proctoscopy_base,EXACT_EXISTING,,retain canonical identity,current contract,current mapped routing,current result contract,CURRENT_BASELINE,MXMED active clinical_study_types; external family evidence in source register,,NONE,"Active baseline; this row is inventory, not a new commonness assertion"
AUDIT_ONLY | PROPOSED | DIRECTOR_REVIEW_REQUIRED,LAB,endocrine,Progesterona,Progesterona,MXMED active catalog,progesterone,progesterone,EXACT_EXISTING,,retain canonical identity,current contract,current mapped routing,current result contract,CURRENT_BASELINE,MXMED active clinical_study_types; external family evidence in source register,,NONE,"Active baseline; this row is inventory, not a new commonness assertion"
AUDIT_ONLY | PROPOSED | DIRECTOR_REVIEW_REQUIRED,LAB,endocrine,Prolactina,Prolactina,MXMED active catalog,prolactin,prolactin,EXACT_EXISTING,,retain canonical identity,current contract,current mapped routing,current result contract,CURRENT_BASELINE,MXMED active clinical_study_types; external family evidence in source register,,NONE,"Active baseline; this row is inventory, not a new commonness assertion"
AUDIT_ONLY | PROPOSED | DIRECTOR_REVIEW_REQUIRED,LAB,tumor,Antígeno prostático específico libre,Antígeno prostático específico libre,MXMED active catalog,psa_free,psa_free,EXACT_EXISTING,,retain canonical identity,current contract,current mapped routing,current result contract,CURRENT_BASELINE,MXMED active clinical_study_types; external family evidence in source register,,NONE,"Active baseline; this row is inventory, not a new commonness assertion"
AUDIT_ONLY | PROPOSED | DIRECTOR_REVIEW_REQUIRED,LAB,tumor,Antígeno prostático específico total,Antígeno prostático específico total,MXMED active catalog,psa_total,psa_total,EXACT_EXISTING,,retain canonical identity,current contract,current mapped routing,current result contract,CURRENT_BASELINE,MXMED active clinical_study_types; external family evidence in source register,,NONE,"Active baseline; this row is inventory, not a new commonness assertion"
AUDIT_ONLY | PROPOSED | DIRECTOR_REVIEW_REQUIRED,FUNC,sleep,Polisomnografía (PSG) diagnóstica,Polisomnografía (PSG) diagnóstica,MXMED active catalog,psg_diagnostic,psg_diagnostic,EXACT_EXISTING,,retain canonical identity,current contract,current mapped routing,current result contract,P2_COMMON_MEXICO_SPECIALTY,MXMED active clinical_study_types; external family evidence in source register,,NONE,Representative active orderable; counted in curated common-concept denominator
AUDIT_ONLY | PROPOSED | DIRECTOR_REVIEW_REQUIRED,FUNC,sleep,PSG con titulación (CPAP/BiPAP),PSG con titulación (CPAP/BiPAP),MXMED active catalog,psg_titration,psg_titration,EXACT_EXISTING,,retain canonical identity,current contract,current mapped routing,current result contract,P2_COMMON_MEXICO_SPECIALTY,MXMED active clinical_study_types; external family evidence in source register,,NONE,Representative active orderable; counted in curated common-concept denominator
AUDIT_ONLY | PROPOSED | DIRECTOR_REVIEW_REQUIRED,LAB,endocrine,Paratohormona intacta,Paratohormona intacta,MXMED active catalog,pth_intact,pth_intact,EXACT_EXISTING,,retain canonical identity,current contract,current mapped routing,current result contract,CURRENT_BASELINE,MXMED active clinical_study_types; external family evidence in source register,,NONE,"Active baseline; this row is inventory, not a new commonness assertion"
AUDIT_ONLY | PROPOSED | DIRECTOR_REVIEW_REQUIRED,FUNC,neurophysiology,Estimulación repetitiva,Estimulación repetitiva,MXMED active catalog,repetitive_nerve_stimulation,repetitive_nerve_stimulation,EXACT_EXISTING,,retain canonical identity,current contract,current mapped routing,current result contract,CURRENT_BASELINE,MXMED active clinical_study_types; external family evidence in source register,,NONE,"Active baseline; this row is inventory, not a new commonness assertion"
AUDIT_ONLY | PROPOSED | DIRECTOR_REVIEW_REQUIRED,LAB,autoimmunity,Factor reumatoide,Factor reumatoide,MXMED active catalog,rf,rf,EXACT_EXISTING,,retain canonical identity,current contract,current mapped routing,current result contract,CURRENT_BASELINE,MXMED active clinical_study_types; external family evidence in source register,,NONE,"Active baseline; this row is inventory, not a new commonness assertion"
AUDIT_ONLY | PROPOSED | DIRECTOR_REVIEW_REQUIRED,IMG,radiography,RX Abdomen,RX Abdomen,MXMED active catalog,rx_abdomen,rx_abdomen,EXACT_EXISTING,,retain canonical identity,current contract,current mapped routing,current result contract,CURRENT_BASELINE,MXMED active clinical_study_types; external family evidence in source register,,NONE,"Active baseline; this row is inventory, not a new commonness assertion"
AUDIT_ONLY | PROPOSED | DIRECTOR_REVIEW_REQUIRED,IMG,radiography,RX Tobillo,RX Tobillo,MXMED active catalog,rx_ankle,rx_ankle,EXACT_EXISTING,,retain canonical identity,current contract,current mapped routing,current result contract,CURRENT_BASELINE,MXMED active clinical_study_types; external family evidence in source register,,NONE,"Active baseline; this row is inventory, not a new commonness assertion"
AUDIT_ONLY | PROPOSED | DIRECTOR_REVIEW_REQUIRED,IMG,radiography,RX Tórax,RX Tórax,MXMED active catalog,rx_chest,rx_chest,EXACT_EXISTING,,retain canonical identity,current contract,current mapped routing,current result contract,P2_COMMON_MEXICO_SPECIALTY,MXMED active clinical_study_types; external family evidence in source register,,NONE,Representative active orderable; counted in curated common-concept denominator
AUDIT_ONLY | PROPOSED | DIRECTOR_REVIEW_REQUIRED,IMG,radiography,RX Columna cervical,RX Columna cervical,MXMED active catalog,rx_cspine,rx_cspine,EXACT_EXISTING,,retain canonical identity,current contract,current mapped routing,current result contract,CURRENT_BASELINE,MXMED active clinical_study_types; external family evidence in source register,,NONE,"Active baseline; this row is inventory, not a new commonness assertion"
AUDIT_ONLY | PROPOSED | DIRECTOR_REVIEW_REQUIRED,IMG,radiography,RX Mano,RX Mano,MXMED active catalog,rx_hand,rx_hand,EXACT_EXISTING,,retain canonical identity,current contract,current mapped routing,current result contract,CURRENT_BASELINE,MXMED active clinical_study_types; external family evidence in source register,,NONE,"Active baseline; this row is inventory, not a new commonness assertion"
AUDIT_ONLY | PROPOSED | DIRECTOR_REVIEW_REQUIRED,IMG,radiography,RX Rodilla,RX Rodilla,MXMED active catalog,rx_knee,rx_knee,EXACT_EXISTING,,retain canonical identity,current contract,current mapped routing,current result contract,CURRENT_BASELINE,MXMED active clinical_study_types; external family evidence in source register,,NONE,"Active baseline; this row is inventory, not a new commonness assertion"
AUDIT_ONLY | PROPOSED | DIRECTOR_REVIEW_REQUIRED,IMG,radiography,RX Columna lumbar,RX Columna lumbar,MXMED active catalog,rx_lspine,rx_lspine,EXACT_EXISTING,,retain canonical identity,current contract,current mapped routing,current result contract,P2_COMMON_MEXICO_SPECIALTY,MXMED active clinical_study_types; external family evidence in source register,,NONE,Representative active orderable; counted in curated common-concept denominator
AUDIT_ONLY | PROPOSED | DIRECTOR_REVIEW_REQUIRED,IMG,radiography,RX Pelvis,RX Pelvis,MXMED active catalog,rx_pelvis,rx_pelvis,EXACT_EXISTING,,retain canonical identity,current contract,current mapped routing,current result contract,CURRENT_BASELINE,MXMED active clinical_study_types; external family evidence in source register,,NONE,"Active baseline; this row is inventory, not a new commonness assertion"
AUDIT_ONLY | PROPOSED | DIRECTOR_REVIEW_REQUIRED,IMG,radiography,RX Hombro,RX Hombro,MXMED active catalog,rx_shoulder,rx_shoulder,EXACT_EXISTING,,retain canonical identity,current contract,current mapped routing,current result contract,CURRENT_BASELINE,MXMED active clinical_study_types; external family evidence in source register,,NONE,"Active baseline; this row is inventory, not a new commonness assertion"
AUDIT_ONLY | PROPOSED | DIRECTOR_REVIEW_REQUIRED,LAB,urine,Espermatobioscopía básica,Espermatobioscopía básica,MXMED active catalog,semen_analysis,semen_analysis,EXACT_EXISTING,,retain canonical identity,current contract,current mapped routing,current result contract,CURRENT_BASELINE,MXMED active clinical_study_types; external family evidence in source register,,NONE,"Active baseline; this row is inventory, not a new commonness assertion"
AUDIT_ONLY | PROPOSED | DIRECTOR_REVIEW_REQUIRED,PATH,fluid_cytology,Citología de líquido seroso,Citología de líquido seroso,MXMED active catalog,serous_fluid_cytology,serous_fluid_cytology,EXACT_EXISTING,,retain canonical identity,current contract,current mapped routing,current result contract,P2_COMMON_MEXICO_SPECIALTY,MXMED active clinical_study_types; external family evidence in source register,,NONE,Representative active orderable; counted in curated common-concept denominator
AUDIT_ONLY | PROPOSED | DIRECTOR_REVIEW_REQUIRED,FUNC,neurophysiology,EMG de fibra única (SFEMG),EMG de fibra única (SFEMG),MXMED active catalog,sfemg,sfemg,EXACT_EXISTING,,retain canonical identity,current contract,current mapped routing,current result contract,CURRENT_BASELINE,MXMED active clinical_study_types; external family evidence in source register,,NONE,"Active baseline; this row is inventory, not a new commonness assertion"
AUDIT_ONLY | PROPOSED | DIRECTOR_REVIEW_REQUIRED,FUNC,pulmonary,Caminata 6 minutos (6MWT),Caminata 6 minutos (6MWT),MXMED active catalog,six_min_walk,six_min_walk,EXACT_EXISTING,,retain canonical identity,current contract,current mapped routing,current result contract,CURRENT_BASELINE,MXMED active clinical_study_types; external family evidence in source register,,NONE,"Active baseline; this row is inventory, not a new commonness assertion"
AUDIT_ONLY | PROPOSED | DIRECTOR_REVIEW_REQUIRED,LAB,chemistry,Sodio,Sodio,MXMED active catalog,sodium,sodium,EXACT_EXISTING,,retain canonical identity,current contract,current mapped routing,current result contract,CURRENT_BASELINE,MXMED active clinical_study_types; external family evidence in source register,,NONE,"Active baseline; this row is inventory, not a new commonness assertion"
AUDIT_ONLY | PROPOSED | DIRECTOR_REVIEW_REQUIRED,LAB,molecular_oncology;panels,Panel tumoral (NGS) — somático,Panel tumoral (NGS) — somático,MXMED active catalog,somatic_tumor_ngs,somatic_tumor_ngs,EXACT_EXISTING,,retain canonical identity,current contract,current mapped routing,current result contract,P2_COMMON_MEXICO_SPECIALTY,MXMED active clinical_study_types; external family evidence in source register,,NONE,Representative active orderable; counted in curated common-concept denominator
AUDIT_ONLY | PROPOSED | DIRECTOR_REVIEW_REQUIRED,FUNC,pulmonary,Espirometría,Espirometría,MXMED active catalog,spirometry,spirometry,EXACT_EXISTING,,retain canonical identity,current contract,current mapped routing,current result contract,P2_COMMON_MEXICO_SPECIALTY,MXMED active clinical_study_types; external family evidence in source register,,NONE,Representative active orderable; counted in curated common-concept denominator
AUDIT_ONLY | PROPOSED | DIRECTOR_REVIEW_REQUIRED,LAB,microbiology,Cultivo bacteriano de líquido estéril,Cultivo bacteriano de líquido estéril,MXMED active catalog,sterile_body_fluid_bacterial_culture,sterile_body_fluid_bacterial_culture,EXACT_EXISTING,,retain canonical identity,current contract,current mapped routing,current result contract,CURRENT_BASELINE,MXMED active clinical_study_types; external family evidence in source register,,NONE,"Active baseline; this row is inventory, not a new commonness assertion"
AUDIT_ONLY | PROPOSED | DIRECTOR_REVIEW_REQUIRED,LAB,microbiology;stool,Coprocultivo,Coprocultivo,MXMED active catalog,stool_culture,stool_culture,EXACT_EXISTING,,retain canonical identity,current contract,current mapped routing,current result contract,CURRENT_BASELINE,MXMED active clinical_study_types; external family evidence in source register,,NONE,"Active baseline; this row is inventory, not a new commonness assertion"
AUDIT_ONLY | PROPOSED | DIRECTOR_REVIEW_REQUIRED,LAB,stool,Coproparasitoscópico,Coproparasitoscópico,MXMED active catalog,stool_ova_parasites,stool_ova_parasites,EXACT_EXISTING,,retain canonical identity,current contract,current mapped routing,current result contract,CURRENT_BASELINE,MXMED active clinical_study_types; external family evidence in source register,,NONE,"Active baseline; this row is inventory, not a new commonness assertion"
AUDIT_ONLY | PROPOSED | DIRECTOR_REVIEW_REQUIRED,FUNC,ultrasound_cardiac,Ecocardiograma de estrés,Ecocardiograma de estrés,MXMED active catalog,stress_echo,stress_echo,EXACT_EXISTING,,retain canonical identity,current contract,current mapped routing,current result contract,CURRENT_BASELINE,MXMED active clinical_study_types; external family evidence in source register,,NONE,"Active baseline; this row is inventory, not a new commonness assertion"
AUDIT_ONLY | PROPOSED | DIRECTOR_REVIEW_REQUIRED,FUNC,cardiovascular,Prueba de esfuerzo (ECG de esfuerzo),Prueba de esfuerzo (ECG de esfuerzo),MXMED active catalog,stress_test,stress_test,EXACT_EXISTING,,retain canonical identity,current contract,current mapped routing,current result contract,P2_COMMON_MEXICO_SPECIALTY,MXMED active clinical_study_types; external family evidence in source register,,NONE,Representative active orderable; counted in curated common-concept denominator
AUDIT_ONLY | PROPOSED | DIRECTOR_REVIEW_REQUIRED,LAB,urine,Cristales en líquido sinovial,Cristales en líquido sinovial,MXMED active catalog,synovial_crystals,synovial_crystals,EXACT_EXISTING,,retain canonical identity,current contract,current mapped routing,current result contract,CURRENT_BASELINE,MXMED active clinical_study_types; external family evidence in source register,,NONE,"Active baseline; this row is inventory, not a new commonness assertion"
AUDIT_ONLY | PROPOSED | DIRECTOR_REVIEW_REQUIRED,LAB,infectious_serology,VDRL sérico,VDRL sérico,MXMED active catalog,syphilis_vdrl_serum,syphilis_vdrl_serum,EXACT_EXISTING,,retain canonical identity,current contract,current mapped routing,current result contract,CURRENT_BASELINE,MXMED active clinical_study_types; external family evidence in source register,,NONE,"Active baseline; this row is inventory, not a new commonness assertion"
AUDIT_ONLY | PROPOSED | DIRECTOR_REVIEW_REQUIRED,LAB,endocrine,Testosterona libre,Testosterona libre,MXMED active catalog,testosterone_free,testosterone_free,EXACT_EXISTING,,retain canonical identity,current contract,current mapped routing,current result contract,CURRENT_BASELINE,MXMED active clinical_study_types; external family evidence in source register,,NONE,"Active baseline; this row is inventory, not a new commonness assertion"
AUDIT_ONLY | PROPOSED | DIRECTOR_REVIEW_REQUIRED,LAB,endocrine,Testosterona total,Testosterona total,MXMED active catalog,testosterone_total,testosterone_total,EXACT_EXISTING,,retain canonical identity,current contract,current mapped routing,current result contract,CURRENT_BASELINE,MXMED active clinical_study_types; external family evidence in source register,,NONE,"Active baseline; this row is inventory, not a new commonness assertion"
AUDIT_ONLY | PROPOSED | DIRECTOR_REVIEW_REQUIRED,LAB,microbiology,Exudado faríngeo,Exudado faríngeo,MXMED active catalog,throat_swab,throat_swab,EXACT_EXISTING,,retain canonical identity,current contract,current mapped routing,current result contract,CURRENT_BASELINE,MXMED active clinical_study_types; external family evidence in source register,,NONE,"Active baseline; this row is inventory, not a new commonness assertion"
AUDIT_ONLY | PROPOSED | DIRECTOR_REVIEW_REQUIRED,LAB,coagulation;germline_genetics;panels,Panel de trombofilia (genético),Panel de trombofilia (genético),MXMED active catalog,thrombophilia,thrombophilia,EXACT_EXISTING,,retain canonical identity,current contract,current mapped routing,current result contract,CURRENT_BASELINE,MXMED active clinical_study_types; external family evidence in source register,,NONE,"Active baseline; this row is inventory, not a new commonness assertion"
AUDIT_ONLY | PROPOSED | DIRECTOR_REVIEW_REQUIRED,LAB,hematology,CTFH (TIBC),CTFH (TIBC),MXMED active catalog,tibc,tibc,EXACT_EXISTING,,retain canonical identity,current contract,current mapped routing,current result contract,CURRENT_BASELINE,MXMED active clinical_study_types; external family evidence in source register,,NONE,"Active baseline; this row is inventory, not a new commonness assertion"
AUDIT_ONLY | PROPOSED | DIRECTOR_REVIEW_REQUIRED,FUNC,cardiovascular,Prueba de mesa basculante (Tilt table),Prueba de mesa basculante (Tilt table),MXMED active catalog,tilt_table,tilt_table,EXACT_EXISTING,,retain canonical identity,current contract,current mapped routing,current result contract,P2_COMMON_MEXICO_SPECIALTY,MXMED active clinical_study_types; external family evidence in source register,,NONE,Representative active orderable; counted in curated common-concept denominator
AUDIT_ONLY | PROPOSED | DIRECTOR_REVIEW_REQUIRED,DENTAL,dental-radiology,Radiografía comparativa de articulaciones temporomandibulares,Radiografía comparativa de articulaciones temporomandibulares,MXMED active catalog,tmj_comparative_xray,tmj_comparative_xray,EXACT_EXISTING,,retain canonical identity,current contract,current mapped routing,current result contract,P2_COMMON_MEXICO_SPECIALTY,MXMED active clinical_study_types; external family evidence in source register,,NONE,Representative active orderable; counted in curated common-concept denominator
AUDIT_ONLY | PROPOSED | DIRECTOR_REVIEW_REQUIRED,LAB,chemistry,Proteínas totales,Proteínas totales,MXMED active catalog,total_protein,total_protein,EXACT_EXISTING,,retain canonical identity,current contract,current mapped routing,current result contract,CURRENT_BASELINE,MXMED active clinical_study_types; external family evidence in source register,,NONE,"Active baseline; this row is inventory, not a new commonness assertion"
AUDIT_ONLY | PROPOSED | DIRECTOR_REVIEW_REQUIRED,LAB,endocrine,Triyodotironina total,Triyodotironina total,MXMED active catalog,total_t3,total_t3,EXACT_EXISTING,,retain canonical identity,current contract,current mapped routing,current result contract,CURRENT_BASELINE,MXMED active clinical_study_types; external family evidence in source register,,NONE,"Active baseline; this row is inventory, not a new commonness assertion"
AUDIT_ONLY | PROPOSED | DIRECTOR_REVIEW_REQUIRED,LAB,hematology,% Saturación transferrina,% Saturación transferrina,MXMED active catalog,transferrin_sat,transferrin_sat,EXACT_EXISTING,,retain canonical identity,current contract,current mapped routing,current result contract,CURRENT_BASELINE,MXMED active clinical_study_types; external family evidence in source register,,NONE,"Active baseline; this row is inventory, not a new commonness assertion"
AUDIT_ONLY | PROPOSED | DIRECTOR_REVIEW_REQUIRED,LAB,chemistry,Triglicéridos,Triglicéridos,MXMED active catalog,triglycerides,triglycerides,EXACT_EXISTING,,retain canonical identity,current contract,current mapped routing,current result contract,CURRENT_BASELINE,MXMED active clinical_study_types; external family evidence in source register,,NONE,"Active baseline; this row is inventory, not a new commonness assertion"
AUDIT_ONLY | PROPOSED | DIRECTOR_REVIEW_REQUIRED,LAB,endocrine,TSH,TSH,MXMED active catalog,tsh,tsh,EXACT_EXISTING,,retain canonical identity,current contract,current mapped routing,current result contract,P2_COMMON_MEXICO_SPECIALTY,MXMED active clinical_study_types; external family evidence in source register,,NONE,Representative active orderable; counted in curated common-concept denominator
AUDIT_ONLY | PROPOSED | DIRECTOR_REVIEW_REQUIRED,FUNC,audiovestibular,Timpanometría (impedanciometría),Timpanometría (impedanciometría),MXMED active catalog,tympanometry,tympanometry,EXACT_EXISTING,,retain canonical identity,current contract,current mapped routing,current result contract,P2_COMMON_MEXICO_SPECIALTY,MXMED active clinical_study_types; external family evidence in source register,,NONE,Representative active orderable; counted in curated common-concept denominator
AUDIT_ONLY | PROPOSED | DIRECTOR_REVIEW_REQUIRED,LAB,chemistry,Urea,Urea,MXMED active catalog,urea,urea,EXACT_EXISTING,,retain canonical identity,current contract,current mapped routing,current result contract,CURRENT_BASELINE,MXMED active clinical_study_types; external family evidence in source register,,NONE,"Active baseline; this row is inventory, not a new commonness assertion"
AUDIT_ONLY | PROPOSED | DIRECTOR_REVIEW_REQUIRED,LAB,chemistry,Ácido úrico,Ácido úrico,MXMED active catalog,uric_acid,uric_acid,EXACT_EXISTING,,retain canonical identity,current contract,current mapped routing,current result contract,CURRENT_BASELINE,MXMED active clinical_study_types; external family evidence in source register,,NONE,"Active baseline; this row is inventory, not a new commonness assertion"
AUDIT_ONLY | PROPOSED | DIRECTOR_REVIEW_REQUIRED,LAB,panels;urine,EGO (examen general de orina),EGO (examen general de orina),MXMED active catalog,urinalysis,urinalysis,EXACT_EXISTING,,retain canonical identity,current contract,current mapped routing,current result contract,P2_COMMON_MEXICO_SPECIALTY,MXMED active clinical_study_types; external family evidence in source register,,NONE,Representative active orderable; counted in curated common-concept denominator
AUDIT_ONLY | PROPOSED | DIRECTOR_REVIEW_REQUIRED,LAB,urine,Albúmina y creatinina urinarias con relación (muestra aislada),Albúmina y creatinina urinarias con relación (muestra aislada),MXMED active catalog,urine_albumin_creatinine_panel,urine_albumin_creatinine_panel,EXACT_EXISTING,,retain canonical identity,current contract,current mapped routing,current result contract,CURRENT_BASELINE,MXMED active clinical_study_types; external family evidence in source register,,NONE,"Active baseline; this row is inventory, not a new commonness assertion"
AUDIT_ONLY | PROPOSED | DIRECTOR_REVIEW_REQUIRED,LAB,urine,Creatinina en orina (muestra aislada),Creatinina en orina (muestra aislada),MXMED active catalog,urine_creatinine_spot,urine_creatinine_spot,EXACT_EXISTING,,retain canonical identity,current contract,current mapped routing,current result contract,CURRENT_BASELINE,MXMED active clinical_study_types; external family evidence in source register,,NONE,"Active baseline; this row is inventory, not a new commonness assertion"
AUDIT_ONLY | PROPOSED | DIRECTOR_REVIEW_REQUIRED,LAB,microbiology;urine,Urocultivo,Urocultivo,MXMED active catalog,urine_culture,urine_culture,EXACT_EXISTING,,retain canonical identity,current contract,current mapped routing,current result contract,P2_COMMON_MEXICO_SPECIALTY,MXMED active clinical_study_types; external family evidence in source register,,NONE,Representative active orderable; counted in curated common-concept denominator
AUDIT_ONLY | PROPOSED | DIRECTOR_REVIEW_REQUIRED,PATH,fluid_cytology,Citología urinaria,Citología urinaria,MXMED active catalog,urine_cytology,urine_cytology,EXACT_EXISTING,,retain canonical identity,current contract,current mapped routing,current result contract,P2_COMMON_MEXICO_SPECIALTY,MXMED active clinical_study_types; external family evidence in source register,,NONE,Representative active orderable; counted in curated common-concept denominator
AUDIT_ONLY | PROPOSED | DIRECTOR_REVIEW_REQUIRED,LAB,urine,Osmolalidad urinaria,Osmolalidad urinaria,MXMED active catalog,urine_osmolality,urine_osmolality,EXACT_EXISTING,,retain canonical identity,current contract,current mapped routing,current result contract,CURRENT_BASELINE,MXMED active clinical_study_types; external family evidence in source register,,NONE,"Active baseline; this row is inventory, not a new commonness assertion"
AUDIT_ONLY | PROPOSED | DIRECTOR_REVIEW_REQUIRED,LAB,urine,Potasio en orina (muestra aislada),Potasio en orina (muestra aislada),MXMED active catalog,urine_potassium_spot,urine_potassium_spot,EXACT_EXISTING,,retain canonical identity,current contract,current mapped routing,current result contract,CURRENT_BASELINE,MXMED active clinical_study_types; external family evidence in source register,,NONE,"Active baseline; this row is inventory, not a new commonness assertion"
AUDIT_ONLY | PROPOSED | DIRECTOR_REVIEW_REQUIRED,LAB,urine,Prueba de embarazo en orina (cualitativa),Prueba de embarazo en orina (cualitativa),MXMED active catalog,urine_pregnancy_qualitative,urine_pregnancy_qualitative,EXACT_EXISTING,,retain canonical identity,current contract,current mapped routing,current result contract,CURRENT_BASELINE,MXMED active clinical_study_types; external family evidence in source register,,NONE,"Active baseline; this row is inventory, not a new commonness assertion"
AUDIT_ONLY | PROPOSED | DIRECTOR_REVIEW_REQUIRED,LAB,urine,Proteínas y creatinina urinarias con relación (muestra aislada),Proteínas y creatinina urinarias con relación (muestra aislada),MXMED active catalog,urine_protein_creatinine_panel,urine_protein_creatinine_panel,EXACT_EXISTING,,retain canonical identity,current contract,current mapped routing,current result contract,CURRENT_BASELINE,MXMED active clinical_study_types; external family evidence in source register,,NONE,"Active baseline; this row is inventory, not a new commonness assertion"
AUDIT_ONLY | PROPOSED | DIRECTOR_REVIEW_REQUIRED,LAB,urine,Sodio en orina (muestra aislada),Sodio en orina (muestra aislada),MXMED active catalog,urine_sodium_spot,urine_sodium_spot,EXACT_EXISTING,,retain canonical identity,current contract,current mapped routing,current result contract,CURRENT_BASELINE,MXMED active clinical_study_types; external family evidence in source register,,NONE,"Active baseline; this row is inventory, not a new commonness assertion"
AUDIT_ONLY | PROPOSED | DIRECTOR_REVIEW_REQUIRED,IMG,ultrasound_general,US Abdomen,US Abdomen,MXMED active catalog,us_abdomen,us_abdomen,EXACT_EXISTING,,retain canonical identity,current contract,current mapped routing,current result contract,P2_COMMON_MEXICO_SPECIALTY,MXMED active clinical_study_types; external family evidence in source register,,NONE,Representative active orderable; counted in curated common-concept denominator
AUDIT_ONLY | PROPOSED | DIRECTOR_REVIEW_REQUIRED,IMG,ultrasound_obgyn,US Obstétrico,US Obstétrico,MXMED active catalog,us_obstetric_study,us_obstetric_study,EXACT_EXISTING,,retain canonical identity,current contract,current mapped routing,current result contract,P2_COMMON_MEXICO_SPECIALTY,MXMED active clinical_study_types; external family evidence in source register,,NONE,Representative active orderable; counted in curated common-concept denominator
AUDIT_ONLY | PROPOSED | DIRECTOR_REVIEW_REQUIRED,IMG,ultrasound_obgyn,US Pélvico,US Pélvico,MXMED active catalog,us_pelvic,us_pelvic,EXACT_EXISTING,,retain canonical identity,current contract,current mapped routing,current result contract,CURRENT_BASELINE,MXMED active clinical_study_types; external family evidence in source register,,NONE,"Active baseline; this row is inventory, not a new commonness assertion"
AUDIT_ONLY | PROPOSED | DIRECTOR_REVIEW_REQUIRED,IMG,ultrasound_general,US Renal,US Renal,MXMED active catalog,us_renal,us_renal,EXACT_EXISTING,,retain canonical identity,current contract,current mapped routing,current result contract,CURRENT_BASELINE,MXMED active clinical_study_types; external family evidence in source register,,NONE,"Active baseline; this row is inventory, not a new commonness assertion"
AUDIT_ONLY | PROPOSED | DIRECTOR_REVIEW_REQUIRED,IMG,ultrasound_general,US Partes blandas,US Partes blandas,MXMED active catalog,us_soft_tissue,us_soft_tissue,EXACT_EXISTING,,retain canonical identity,current contract,current mapped routing,current result contract,CURRENT_BASELINE,MXMED active clinical_study_types; external family evidence in source register,,NONE,"Active baseline; this row is inventory, not a new commonness assertion"
AUDIT_ONLY | PROPOSED | DIRECTOR_REVIEW_REQUIRED,IMG,ultrasound_general,US Testicular,US Testicular,MXMED active catalog,us_testicular,us_testicular,EXACT_EXISTING,,retain canonical identity,current contract,current mapped routing,current result contract,CURRENT_BASELINE,MXMED active clinical_study_types; external family evidence in source register,,NONE,"Active baseline; this row is inventory, not a new commonness assertion"
AUDIT_ONLY | PROPOSED | DIRECTOR_REVIEW_REQUIRED,IMG,ultrasound_general,US Tiroides,US Tiroides,MXMED active catalog,us_thyroid,us_thyroid,EXACT_EXISTING,,retain canonical identity,current contract,current mapped routing,current result contract,CURRENT_BASELINE,MXMED active clinical_study_types; external family evidence in source register,,NONE,"Active baseline; this row is inventory, not a new commonness assertion"
AUDIT_ONLY | PROPOSED | DIRECTOR_REVIEW_REQUIRED,LAB,microbiology,Exudado vaginal,Exudado vaginal,MXMED active catalog,vaginal_swab,vaginal_swab,EXACT_EXISTING,,retain canonical identity,current contract,current mapped routing,current result contract,CURRENT_BASELINE,MXMED active clinical_study_types; external family evidence in source register,,NONE,"Active baseline; this row is inventory, not a new commonness assertion"
AUDIT_ONLY | PROPOSED | DIRECTOR_REVIEW_REQUIRED,FUNC,neurophysiology,Video-EEG (prolongado),Video-EEG (prolongado),MXMED active catalog,video_eeg,video_eeg,EXACT_EXISTING,,retain canonical identity,current contract,current mapped routing,current result contract,P2_COMMON_MEXICO_SPECIALTY,MXMED active clinical_study_types; external family evidence in source register,,NONE,Representative active orderable; counted in curated common-concept denominator
AUDIT_ONLY | PROPOSED | DIRECTOR_REVIEW_REQUIRED,LAB,chemistry,Vitamina B12,Vitamina B12,MXMED active catalog,vitamin_b12,vitamin_b12,EXACT_EXISTING,,retain canonical identity,current contract,current mapped routing,current result contract,CURRENT_BASELINE,MXMED active clinical_study_types; external family evidence in source register,,NONE,"Active baseline; this row is inventory, not a new commonness assertion"
AUDIT_ONLY | PROPOSED | DIRECTOR_REVIEW_REQUIRED,LAB,chemistry,Vitamina D,Vitamina D,MXMED active catalog,vitamin_d,vitamin_d,EXACT_EXISTING,,retain canonical identity,current contract,current mapped routing,current result contract,P2_COMMON_MEXICO_SPECIALTY,MXMED active clinical_study_types; external family evidence in source register,,NONE,Representative active orderable; counted in curated common-concept denominator
AUDIT_ONLY | PROPOSED | DIRECTOR_REVIEW_REQUIRED,FUNC,audiovestibular,Videonistagmografía (VNG),Videonistagmografía (VNG),MXMED active catalog,vng,vng,EXACT_EXISTING,,retain canonical identity,current contract,current mapped routing,current result contract,P2_COMMON_MEXICO_SPECIALTY,MXMED active clinical_study_types; external family evidence in source register,,NONE,Representative active orderable; counted in curated common-concept denominator
AUDIT_ONLY | PROPOSED | DIRECTOR_REVIEW_REQUIRED,LAB,genomic_sequencing,Exoma clínico (WES),Exoma clínico (WES),MXMED active catalog,wes,wes,EXACT_EXISTING,,retain canonical identity,current contract,current mapped routing,current result contract,CURRENT_BASELINE,MXMED active clinical_study_types; external family evidence in source register,,NONE,"Active baseline; this row is inventory, not a new commonness assertion"
AUDIT_ONLY | PROPOSED | DIRECTOR_REVIEW_REQUIRED,LAB,genomic_sequencing,Genoma clínico (WGS),Genoma clínico (WGS),MXMED active catalog,wgs,wgs,EXACT_EXISTING,,retain canonical identity,current contract,current mapped routing,current result contract,CURRENT_BASELINE,MXMED active clinical_study_types; external family evidence in source register,,NONE,"Active baseline; this row is inventory, not a new commonness assertion"
AUDIT_ONLY | PROPOSED | DIRECTOR_REVIEW_REQUIRED,PATH,histopathology,Examen histopatológico de biopsia,Examen histopatológico de biopsia,Médica Sur; Hospital General de México; La Bene San Luis / ONCOPAT; Diario Oficial de la Federación,proposed:histopath_biopsy,,TRUE_MISSING_CANONICAL,histopath_biopsy,new canonical identity,tissue;site;laterality;containers;fixation,PATHOLOGY_CYTOLOGY,PDF narrative,P1_COMMON_MEXICO_GENERAL,MS_PATH;HGM_PATH;BENE_PATH;DOF_PATH,https://www.cap.org/protocols-and-guidelines/cancer-protocols/,PATH-CAT01,Examination only; acquisition separate
AUDIT_ONLY | PROPOSED | DIRECTOR_REVIEW_REQUIRED,PATH,histopathology,Examen histopatológico de pieza quirúrgica o resección,Examen histopatológico de pieza quirúrgica o resección,Médica Sur; Hospital General de México; Diario Oficial de la Federación,proposed:histopath_resection,,TRUE_MISSING_CANONICAL,histopath_resection,new canonical identity,tissue;site;orientation;margins;containers,PATHOLOGY_CYTOLOGY,PDF then synoptic future,P1_COMMON_MEXICO_GENERAL,MS_PATH;HGM_PATH;DOF_PATH,https://www.cap.org/protocols-and-guidelines/cancer-protocols/,PATH-CAT01,Distinct workup from biopsy
AUDIT_ONLY | PROPOSED | DIRECTOR_REVIEW_REQUIRED,PATH,cytology,Papanicolau,Papanicolau,Salud Digna; Hospital General de México,cyto_pap,cyto_pap,MISSING_SEARCH_TERM,,reuse/parameter/separate authority per classification,cervical specimen,PATHOLOGY_CYTOLOGY,PDF narrative,P1_COMMON_MEXICO_GENERAL,SD;HGM_PATH,https://www.cap.org/protocols-and-guidelines/cancer-protocols/,PATH-CAT01,Spelling absent in SEARCH02 authority; no new identity
AUDIT_ONLY | PROPOSED | DIRECTOR_REVIEW_REQUIRED,PATH,cytology,Citología por aspiración con aguja fina,Citología por aspiración con aguja fina,Médica Sur; Hospital General de México; La Bene San Luis / ONCOPAT,proposed:cyto_fna,,TRUE_MISSING_CANONICAL,cyto_fna,new canonical identity,aspirate;site;preparation;adequacy,PATHOLOGY_CYTOLOGY,PDF narrative,P1_COMMON_MEXICO_GENERAL,MS_PATH;HGM_PATH;BENE_PATH,https://www.cap.org/protocols-and-guidelines/cancer-protocols/,PATH-CAT01,Needle acquisition separate
AUDIT_ONLY | PROPOSED | DIRECTOR_REVIEW_REQUIRED,PATH,cytology,Citología bronquial de cepillado o lavado,Citología bronquial de cepillado o lavado,Hospital General de México; IMSS,proposed:cyto_bronchial,,TRUE_MISSING_CANONICAL,cyto_bronchial,new canonical identity,bronchial source;brush vs wash,PATHOLOGY_CYTOLOGY,PDF narrative,P2_COMMON_MEXICO_SPECIALTY,HGM_PATH;IMSS_PATH,https://www.cap.org/protocols-and-guidelines/cancer-protocols/,PATH-CAT01,Distinct from bronchoscopy and BAL chemistry
AUDIT_ONLY | PROPOSED | DIRECTOR_REVIEW_REQUIRED,PATH,cytology,Citología de esputo,Citología de esputo,La Bene San Luis / ONCOPAT; Metapath; Médica Sur,proposed:cyto_sputum,,TRUE_MISSING_CANONICAL,cyto_sputum,new canonical identity,sputum;collection,PATHOLOGY_CYTOLOGY,PDF narrative,P2_COMMON_MEXICO_SPECIALTY,BENE_PATH;METAPATH;MS_SPUTUM,https://www.cap.org/protocols-and-guidelines/cancer-protocols/,PATH-CAT01,Validate local provider before activation
AUDIT_ONLY | PROPOSED | DIRECTOR_REVIEW_REQUIRED,PATH,immunohistochemistry,Inmunohistoquímica por anticuerpo,Inmunohistoquímica por anticuerpo,Médica Sur; Hospital General de México; Laboratorio Médico del Chopo,proposed:ihc_single_marker,,TRUE_MISSING_CANONICAL,ihc_single_marker,new canonical identity,block;marker;site,PATHOLOGY_CYTOLOGY,PDF marker interpretation,P1_COMMON_MEXICO_GENERAL,MS_PATH;HGM_PATH;CHOPO_ONC,https://www.cap.org/protocols-and-guidelines/cancer-protocols/,PATH-CAT01,Antibody is controlled parameter; not one SKU per marker
AUDIT_ONLY | PROPOSED | DIRECTOR_REVIEW_REQUIRED,PATH,immunohistochemistry,Perfil inmunohistoquímico mamario RE RP HER2 Ki67,Perfil inmunohistoquímico mamario RE RP HER2 Ki67,Laboratorio Médico del Chopo; Médica Sur; IMSS,proposed:ihc_breast_profile,,TRUE_MISSING_PANEL,ihc_breast_profile,new panel with fixed versioned components,block;fixed panel version;reflex rule,PATHOLOGY_CYTOLOGY,PDF then structured biomarkers,P1_COMMON_MEXICO_GENERAL,CHOPO_ONC;MS_PATH;IMSS_PATH,https://www.cap.org/protocols-and-guidelines/cancer-protocols/,PATH-CAT01,Only if component set versioned
AUDIT_ONLY | PROPOSED | DIRECTOR_REVIEW_REQUIRED,PATH,histochemistry,Tinción histoquímica especial,Tinción histoquímica especial,Médica Sur; Hospital General de México,proposed:histochemical_special_stain,,TRUE_MISSING_CANONICAL,histochemical_special_stain,new canonical identity,block;stain code;site,PATHOLOGY_CYTOLOGY,PDF narrative,P2_COMMON_MEXICO_SPECIALTY,MS_PATH;HGM_PATH,https://www.cap.org/protocols-and-guidelines/cancer-protocols/,PATH-CAT01,PAS Grocott Masson etc as controlled option
AUDIT_ONLY | PROPOSED | DIRECTOR_REVIEW_REQUIRED,PATH,immunofluorescence,Inmunofluorescencia directa renal,Inmunofluorescencia directa renal,Médica Sur; Hospital General de México; IMSS,proposed:if_renal,,TRUE_MISSING_CANONICAL,if_renal,new canonical identity,renal tissue;special transport;site,PATHOLOGY_CYTOLOGY,PDF narrative,P2_COMMON_MEXICO_SPECIALTY,MS_PATH;HGM_PATH;IMSS_PATH,https://www.cap.org/protocols-and-guidelines/cancer-protocols/,PATH-CAT01,Separate specimen handling
AUDIT_ONLY | PROPOSED | DIRECTOR_REVIEW_REQUIRED,PATH,immunofluorescence,Inmunofluorescencia directa cutánea,Inmunofluorescencia directa cutánea,Médica Sur; Hospital General de México,proposed:if_skin,,TRUE_MISSING_CANONICAL,if_skin,new canonical identity,skin tissue;special transport;site,PATHOLOGY_CYTOLOGY,PDF narrative,P2_COMMON_MEXICO_SPECIALTY,MS_PATH;HGM_PATH,https://www.cap.org/protocols-and-guidelines/cancer-protocols/,PATH-CAT01,Separate specimen handling
AUDIT_ONLY | PROPOSED | DIRECTOR_REVIEW_REQUIRED,PATH,intraoperative,Estudio transoperatorio por congelación,Estudio transoperatorio por congelación,Médica Sur; Hospital General de México; La Bene San Luis / ONCOPAT,proposed:frozen_section,,TRUE_MISSING_CANONICAL,frozen_section,new canonical identity,fresh tissue;site;time;preliminary/final,PATHOLOGY_CYTOLOGY,PDF preliminary plus final,P1_COMMON_MEXICO_GENERAL,MS_PATH;HGM_PATH;BENE_PATH,https://www.cap.org/protocols-and-guidelines/cancer-protocols/,PATH-CAT01,Do not conflate with definitive histology
AUDIT_ONLY | PROPOSED | DIRECTOR_REVIEW_REQUIRED,PATH,second_opinion,Revisión de laminillas o bloques de patología,Revisión de laminillas o bloques de patología,Médica Sur; Hospital General de México; Diario Oficial de la Federación,proposed:pathology_outside_review,,TRUE_MISSING_CANONICAL,pathology_outside_review,new canonical identity,slides;blocks;source report;custody,PATHOLOGY_CYTOLOGY,PDF consult,P2_COMMON_MEXICO_SPECIALTY,MS_PATH;HGM_PATH;DOF_PATH,https://www.cap.org/protocols-and-guidelines/cancer-protocols/,PATH-CAT01,Review existing material; no new acquisition
AUDIT_ONLY | PROPOSED | DIRECTOR_REVIEW_REQUIRED,PATH,molecular,Hibridación in situ HER2,Hibridación in situ HER2,Laboratorio Médico del Chopo; IMSS,proposed:her2_ish,,TRUE_MISSING_CANONICAL,her2_ish,new canonical identity,block;ISH method;reflex,PATHOLOGY_CYTOLOGY,PDF then structured biomarker,P2_COMMON_MEXICO_SPECIALTY,CHOPO_ONC;IMSS_PATH,https://www.cap.org/protocols-and-guidelines/cancer-protocols/,PATH-CAT01,Distinct technique from IHC
AUDIT_ONLY | PROPOSED | DIRECTOR_REVIEW_REQUIRED,PATH,hematopathology,Biopsia de médula ósea examen histológico,Biopsia de médula ósea examen histológico,Laboratorio Médico del Chopo; Hospital General de México,proposed:bone_marrow_histology,,TRUE_MISSING_CANONICAL,bone_marrow_histology,new canonical identity,core biopsy;site;decalcification;aspirate link,PATHOLOGY_CYTOLOGY,PDF narrative,P2_COMMON_MEXICO_SPECIALTY,CHOPO_MARROW;HGM_PATH,https://www.cap.org/protocols-and-guidelines/cancer-protocols/,PATH-CAT01,Distinct processing; coordinate aspiration separately
AUDIT_ONLY | PROPOSED | DIRECTOR_REVIEW_REQUIRED,PATH,hematopathology,Ganglio linfático histopatología,Ganglio linfático histopatología,Hospital General de México; Médica Sur,proposed:histopath_biopsy,,PARAMETER_NOT_IDENTITY,histopath_biopsy,reuse/parameter/separate authority per classification,site=lymph_node;specimen=biopsy,PATHOLOGY_CYTOLOGY,PDF narrative,P2_COMMON_MEXICO_SPECIALTY,HGM_PATH;MS_PATH,https://www.cap.org/protocols-and-guidelines/cancer-protocols/,PATH-CAT01,Do not create site SKU without distinct workflow
AUDIT_ONLY | PROPOSED | DIRECTOR_REVIEW_REQUIRED,PATH,molecular,Secuenciación tumoral en tejido,Secuenciación tumoral en tejido,Laboratorio Médico del Chopo; Quest Diagnostics México,somatic_tumor_ngs,somatic_tumor_ngs,MISSING_NAVIGATION_ROUTE,,reuse/parameter/separate authority per classification,FFPE;site;source order link,GENETICS_MOLECULAR,PDF molecular,P2_COMMON_MEXICO_SPECIALTY,CHOPO_ONC;QUEST,https://www.cap.org/protocols-and-guidelines/cancer-protocols/,PATH-CAT01,Already canonical in genetics; add discovery route later
AUDIT_ONLY | PROPOSED | DIRECTOR_REVIEW_REQUIRED,PATH,histochemistry,PAS Grocott Masson Ziehl-Neelsen reticulina,PAS Grocott Masson Ziehl-Neelsen reticulina,Médica Sur; Hospital General de México,proposed:histochemical_special_stain,,PARAMETER_NOT_IDENTITY,histochemical_special_stain,reuse/parameter/separate authority per classification,controlled stain code,PATHOLOGY_CYTOLOGY,PDF narrative,P2_COMMON_MEXICO_SPECIALTY,MS_PATH;HGM_PATH,https://www.cap.org/protocols-and-guidelines/cancer-protocols/,PATH-CAT01,No five new identities
AUDIT_ONLY | PROPOSED | DIRECTOR_REVIEW_REQUIRED,PATH,immunohistochemistry,RE RP HER2 Ki67 individual labels,RE RP HER2 Ki67 individual labels,Laboratorio Médico del Chopo; Médica Sur,proposed:ihc_breast_profile,,RESULT_COMPONENT_NOT_ORDERABLE,ihc_breast_profile,reuse/parameter/separate authority per classification,marker components; reflex rules,PATHOLOGY_CYTOLOGY,structured future,P2_COMMON_MEXICO_SPECIALTY,CHOPO_ONC;MS_PATH,https://www.cap.org/protocols-and-guidelines/cancer-protocols/,PATH-CAT01,Individual marker can be selected via single-marker identity
AUDIT_ONLY | PROPOSED | DIRECTOR_REVIEW_REQUIRED,PATH,procedural_boundary,Biopsia guiada por imagen,Biopsia guiada por imagen,Médica Sur; Salud Digna,none,,PROCEDURE_NOT_STUDY,,reuse/parameter/separate authority per classification,image modality;site;laterality;operator,GENERAL_IMAGING,procedure report,P1_COMMON_MEXICO_GENERAL,MS_IMG;SD,https://www.cap.org/protocols-and-guidelines/cancer-protocols/,PROC-CAT01,Acquisition separate from pathology examination
AUDIT_ONLY | PROPOSED | DIRECTOR_REVIEW_REQUIRED,PATH,procedural_boundary,Biopsia endoscópica,Biopsia endoscópica,Hospital General de México; Médica Sur,none,,PROCEDURE_NOT_STUDY,,reuse/parameter/separate authority per classification,procedure;site;sample IDs,DIGESTIVE_ENDOSCOPY,procedure report,P1_COMMON_MEXICO_GENERAL,HGM_END;MS_PROC,https://www.cap.org/protocols-and-guidelines/cancer-protocols/,PROC-CAT01,Do not merge into histology orderable
AUDIT_ONLY | PROPOSED | DIRECTOR_REVIEW_REQUIRED,PATH,procedural_boundary,Biopsia cutánea procedimiento,Biopsia cutánea procedimiento,Diario Oficial de la Federación; Hospital General de México,none,,PROCEDURE_NOT_STUDY,,reuse/parameter/separate authority per classification,site;laterality;operator,PROCEDURAL_REVIEW_REQUIRED,procedure report,P2_COMMON_MEXICO_SPECIALTY,DOF_PATH;HGM_PATH,https://www.cap.org/protocols-and-guidelines/cancer-protocols/,PROC-CAT01,Acquisition authority separate
AUDIT_ONLY | PROPOSED | DIRECTOR_REVIEW_REQUIRED,PATH,molecular,Patología molecular por PCR tisular genérica,Patología molecular por PCR tisular genérica,Médica Sur; Quest Diagnostics México,none,,ADVANCED_DEFER,,reuse/parameter/separate authority per classification,target;method;specimen,GENETICS_MOLECULAR,PDF molecular,P3_ADVANCED_REFERENCE,MS_PATH;QUEST,https://www.cap.org/protocols-and-guidelines/cancer-protocols/,LATER,Target-specific clinical indication needed
AUDIT_ONLY | PROPOSED | DIRECTOR_REVIEW_REQUIRED,PATH,molecular,Panel NGS oncológico tisular adicional,Panel NGS oncológico tisular adicional,Quest Diagnostics México; Médica Sur,none,,ADVANCED_DEFER,,reuse/parameter/separate authority per classification,genes;version;FFPE,GENETICS_MOLECULAR,PDF molecular,P3_ADVANCED_REFERENCE,QUEST;MS_PATH,https://www.cap.org/protocols-and-guidelines/cancer-protocols/,LATER,Existing somatic_tumor_ngs; no duplicate
AUDIT_ONLY | PROPOSED | DIRECTOR_REVIEW_REQUIRED,PATH,histopathology,Patología por órgano como SKU universal,Patología por órgano como SKU universal,Laboratorio Médico del Chopo; Médica Sur,none,,ADVANCED_DEFER,,reuse/parameter/separate authority per classification,site parameter preferred,PATHOLOGY_CYTOLOGY,PDF,P3_ADVANCED_REFERENCE,CHOPO_PATH;MS_PATH,https://www.cap.org/protocols-and-guidelines/cancer-protocols/,LATER,Only split if handling/report rules require
AUDIT_ONLY | PROPOSED | DIRECTOR_REVIEW_REQUIRED,IMG,radiography,Radiografía de cadera,Radiografía de cadera,Laboratorio Médico del Chopo; Médica Sur,proposed:rx_hip,,TRUE_MISSING_CANONICAL,rx_hip,new canonical identity,side;projections,GENERAL_IMAGING,PDF radiology,P1_COMMON_MEXICO_GENERAL,CHOPO_HIP;MS_IMG,https://www.radiologyinfo.org/en/info/angiomr,IMG-CAT01,Anatomic region merits identity
AUDIT_ONLY | PROPOSED | DIRECTOR_REVIEW_REQUIRED,IMG,ct,Tomografía de senos paranasales,Tomografía de senos paranasales,Laboratorio Médico del Chopo; Médica Sur,proposed:ct_sinuses,,TRUE_MISSING_CANONICAL,ct_sinuses,new canonical identity,contrast optional;protocol,GENERAL_IMAGING,PDF radiology,P1_COMMON_MEXICO_GENERAL,CHOPO_IMG;MS_IMG,https://www.radiologyinfo.org/en/info/angiomr,IMG-CAT01,Distinct regional protocol
AUDIT_ONLY | PROPOSED | DIRECTOR_REVIEW_REQUIRED,IMG,mr,Resonancia de columna lumbar,Resonancia de columna lumbar,Laboratorio Médico del Chopo; Médica Sur,proposed:mr_lumbar_spine,,TRUE_MISSING_CANONICAL,mr_lumbar_spine,new canonical identity,contrast optional;level,GENERAL_IMAGING,PDF radiology,P1_COMMON_MEXICO_GENERAL,CHOPO_MR;MS_MR,https://www.radiologyinfo.org/en/info/angiomr,IMG-CAT01,Distinct region; contrast parameter
AUDIT_ONLY | PROPOSED | DIRECTOR_REVIEW_REQUIRED,IMG,ct,Tomografía de cuello,Tomografía de cuello,Laboratorio Médico del Chopo; Médica Sur,proposed:ct_neck,,TRUE_MISSING_CANONICAL,ct_neck,new canonical identity,contrast;site,GENERAL_IMAGING,PDF radiology,P2_COMMON_MEXICO_SPECIALTY,CHOPO_IMG;MS_IMG,https://www.radiologyinfo.org/en/info/angiomr,IMG-CAT01,Regional CT
AUDIT_ONLY | PROPOSED | DIRECTOR_REVIEW_REQUIRED,IMG,ct,Angiotomografía de vasos cerebrales y cuello,Angiotomografía de vasos cerebrales y cuello,Médica Sur; Laboratorio Médico del Chopo,proposed:cta_head_neck,,TRUE_MISSING_CANONICAL,cta_head_neck,new canonical identity,vascular territory;contrast,GENERAL_IMAGING,PDF radiology,P2_COMMON_MEXICO_SPECIALTY,MS_IMG;CHOPO_IMG,https://www.radiologyinfo.org/en/info/angiomr,IMG-CAT01,Vascular technique distinct from ordinary CT
AUDIT_ONLY | PROPOSED | DIRECTOR_REVIEW_REQUIRED,IMG,mr,Angiorresonancia cerebral,Angiorresonancia cerebral,Médica Sur; Laboratorio Médico Polanco,proposed:mra_brain,,TRUE_MISSING_CANONICAL,mra_brain,new canonical identity,vascular territory;contrast,GENERAL_IMAGING,PDF radiology,P2_COMMON_MEXICO_SPECIALTY,MS_MR;LMP_MAIN,https://www.radiologyinfo.org/en/info/angiomr,IMG-CAT01,Technique distinct from ordinary brain MRI
AUDIT_ONLY | PROPOSED | DIRECTOR_REVIEW_REQUIRED,IMG,mr,Resonancia de pelvis,Resonancia de pelvis,Médica Sur; Laboratorio Médico Polanco,proposed:mr_pelvis,,TRUE_MISSING_CANONICAL,mr_pelvis,new canonical identity,protocol;contrast,GENERAL_IMAGING,PDF radiology,P2_COMMON_MEXICO_SPECIALTY,MS_MR;LMP_MAIN,https://www.radiologyinfo.org/en/info/angiomr,IMG-CAT01,Distinct region
AUDIT_ONLY | PROPOSED | DIRECTOR_REVIEW_REQUIRED,IMG,breast,Tomosíntesis mamaria,Tomosíntesis mamaria,Médica Sur; Laboratorio Médico del Chopo,proposed:breast_tomosynthesis,,TRUE_MISSING_CANONICAL,breast_tomosynthesis,new canonical identity,bilateral;screening vs diagnostic,GENERAL_IMAGING,PDF radiology,P2_COMMON_MEXICO_SPECIALTY,MS_IMG;CHOPO_ONC,https://www.radiologyinfo.org/en/info/angiomr,IMG-CAT01,Check co-billing with mammography
AUDIT_ONLY | PROPOSED | DIRECTOR_REVIEW_REQUIRED,IMG,ultrasound,Ultrasonido transvaginal,Ultrasonido transvaginal,Médica Sur; Laboratorio Médico Polanco,us_pelvic,us_pelvic,PARAMETER_NOT_IDENTITY,,reuse/parameter/separate authority per classification,approach=transvaginal,GENERAL_IMAGING,PDF radiology,P1_COMMON_MEXICO_GENERAL,MS_IMG;LMP_MAIN,https://www.radiologyinfo.org/en/info/angiomr,IMG-CAT01,Reevaluate if provider protocol requires split
AUDIT_ONLY | PROPOSED | DIRECTOR_REVIEW_REQUIRED,IMG,obstetric,Ultrasonido obstétrico morfológico,Ultrasonido obstétrico morfológico,Médica Sur; Laboratorio Médico Polanco,us_obstetric_study,us_obstetric_study,PARAMETER_NOT_IDENTITY,,reuse/parameter/separate authority per classification,trimester;purpose=morphology,GENERAL_IMAGING,PDF radiology,P2_COMMON_MEXICO_SPECIALTY,MS_IMG;LMP_MAIN,https://www.radiologyinfo.org/en/info/angiomr,IMG-CAT01,Protocol rather than new identity provisionally
AUDIT_ONLY | PROPOSED | DIRECTOR_REVIEW_REQUIRED,IMG,ct,TC de cráneo,TC de cráneo,Laboratorio Médico del Chopo; Salud Digna,ct_head,ct_head,ALIAS_OF_EXISTING,,reuse/parameter/separate authority per classification,none,GENERAL_IMAGING,PDF radiology,P1_COMMON_MEXICO_GENERAL,CHOPO_IMG;SD,https://www.radiologyinfo.org/en/info/angiomr,NONE,Already in SEARCH02 equivalent aliases
AUDIT_ONLY | PROPOSED | DIRECTOR_REVIEW_REQUIRED,IMG,ct,Tomografía simple y contrastada,Tomografía simple y contrastada,Laboratorio Médico del Chopo; Médica Sur,ct_head,ct_head,PARAMETER_NOT_IDENTITY,,reuse/parameter/separate authority per classification,contrast enum;phase;renal precautions,GENERAL_IMAGING,PDF radiology,P1_COMMON_MEXICO_GENERAL,CHOPO_IMG;MS_IMG,https://www.radiologyinfo.org/en/info/angiomr,IMG-CAT01,Parameter on regional CT
AUDIT_ONLY | PROPOSED | DIRECTOR_REVIEW_REQUIRED,IMG,mr,Resonancia con y sin contraste,Resonancia con y sin contraste,Laboratorio Médico del Chopo; Médica Sur,mr_brain,mr_brain,PARAMETER_NOT_IDENTITY,,reuse/parameter/separate authority per classification,contrast;protocol,GENERAL_IMAGING,PDF radiology,P1_COMMON_MEXICO_GENERAL,CHOPO_MR;MS_MR,https://www.radiologyinfo.org/en/info/angiomr,IMG-CAT01,Parameter on regional MRI
AUDIT_ONLY | PROPOSED | DIRECTOR_REVIEW_REQUIRED,IMG,breast,BI-RADS,BI-RADS,Médica Sur; Salud Digna,mammo,mammo,RESULT_COMPONENT_NOT_ORDERABLE,,reuse/parameter/separate authority per classification,classification in result,GENERAL_IMAGING,PDF radiology,P1_COMMON_MEXICO_GENERAL,MS_IMG;SD,https://www.radiologyinfo.org/en/info/angiomr,LATER,Not study identity
AUDIT_ONLY | PROPOSED | DIRECTOR_REVIEW_REQUIRED,IMG,nuclear,PET/CT con trazador especializado,PET/CT con trazador especializado,Médica Sur; Laboratorio Médico Polanco,pet_ct,pet_ct,PROVIDER_CONFIGURATION,,reuse/parameter/separate authority per classification,tracer;indication;availability,GENERAL_IMAGING,PDF radiology,P3_ADVANCED_REFERENCE,MS_IMG;LMP_MAIN,https://www.radiologyinfo.org/en/info/angiomr,LATER,Do not promise universal provider capability
AUDIT_ONLY | PROPOSED | DIRECTOR_REVIEW_REQUIRED,FUNC,cardiology,Monitoreo ECG de eventos prolongado,Monitoreo ECG de eventos prolongado,Laboratorio Médico Polanco; Médica Sur,proposed:event_ecg_monitor,,UNCERTAIN,event_ecg_monitor,reuse/parameter/separate authority per classification,monitor duration;device,CARDIOVASCULAR_DIAGNOSTICS,PDF waveform report,P3_ADVANCED_REFERENCE,LMP_BRO;MS_NEURO,,FUNC-CAT01,Different encounter duration from Holter; verify local availability
AUDIT_ONLY | PROPOSED | DIRECTOR_REVIEW_REQUIRED,FUNC,neurophysiology,EEG ambulatorio,EEG ambulatorio,Médica Sur; Laboratorio Médico Polanco,proposed:eeg_ambulatory,,UNCERTAIN,eeg_ambulatory,reuse/parameter/separate authority per classification,duration;video optional,NEUROPHYSIOLOGY,PDF waveform report,P3_ADVANCED_REFERENCE,MS_NEURO;LMP_BRO,,FUNC-CAT01,Separate workflow from routine EEG
AUDIT_ONLY | PROPOSED | DIRECTOR_REVIEW_REQUIRED,FUNC,pulmonary,Espirometría antes y después de broncodilatador,Espirometría antes y después de broncodilatador,IMSS; Laboratorio Médico Polanco,spirometry,spirometry,PARAMETER_NOT_IDENTITY,,reuse/parameter/separate authority per classification,pre_post_bronchodilator;dose,PULMONARY_FUNCTION,PDF spirometry,P1_COMMON_MEXICO_GENERAL,IMSS_PULM;LMP_BRO,,FUNC-CAT01,Existing canonical spirometry
AUDIT_ONLY | PROPOSED | DIRECTOR_REVIEW_REQUIRED,FUNC,audiology,Potenciales auditivos de tallo cerebral,Potenciales auditivos de tallo cerebral,Médica Sur; Laboratorio Médico Polanco,evoked_auditory_baep,evoked_auditory_baep,MISSING_NAVIGATION_ROUTE,,reuse/parameter/separate authority per classification,auditory protocol,NEUROPHYSIOLOGY,PDF waveform report,P2_COMMON_MEXICO_SPECIALTY,MS_NEURO;LMP_BRO,,FUNC-CAT01,Already neurophysiology identity; cross-link audiology
AUDIT_ONLY | PROPOSED | DIRECTOR_REVIEW_REQUIRED,FUNC,cardiology,Fracción de eyección ecocardiográfica,Fracción de eyección ecocardiográfica,Laboratorio Médico Polanco; Salud Digna,echo_tte,echo_tte,RESULT_COMPONENT_NOT_ORDERABLE,,reuse/parameter/separate authority per classification,measurement in result,CARDIOVASCULAR_DIAGNOSTICS,PDF echo,P1_COMMON_MEXICO_GENERAL,LMP_BRO;SD,,NONE,Not separate study
AUDIT_ONLY | PROPOSED | DIRECTOR_REVIEW_REQUIRED,FUNC,vestibular,Video head impulse test vHIT,Video head impulse test vHIT,Laboratorio Médico Polanco; Médica Sur,none,,ADVANCED_DEFER,,reuse/parameter/separate authority per classification,method;laterality,AUDIOLOGY_VESTIBULAR,PDF report,P3_ADVANCED_REFERENCE,LMP_BRO;MS_NEURO,,LATER,Source-specific availability needed
AUDIT_ONLY | PROPOSED | DIRECTOR_REVIEW_REQUIRED,PROC,gynecology,Colposcopia diagnóstica,Colposcopia diagnóstica,Laboratorio Médico Polanco; Hospital General de México,proposed:colposcopy_diagnostic,,TRUE_MISSING_CANONICAL,colposcopy_diagnostic,new canonical identity,site;biopsy separate;findings,PROCEDURAL_REVIEW_REQUIRED,PDF procedure report,P1_COMMON_MEXICO_GENERAL,LMP_BRO;HGM_COLPO,,PROC-CAT01,Endoscopy-like diagnostic act; no therapy writer
AUDIT_ONLY | PROPOSED | DIRECTOR_REVIEW_REQUIRED,PROC,motility,Manometría esofágica,Manometría esofágica,Laboratorio Médico Polanco; Hospital General de México,proposed:esophageal_manometry,,TRUE_MISSING_CANONICAL,esophageal_manometry,new canonical identity,protocol;catheter;position,DIGESTIVE_ENDOSCOPY,PDF functional report,P2_COMMON_MEXICO_SPECIALTY,LMP_BRO;HGM_END,,PROC-CAT01,Need routing review vs functional root
AUDIT_ONLY | PROPOSED | DIRECTOR_REVIEW_REQUIRED,PROC,motility,pH-metría o impedanciometría esofágica,pH-metría o impedanciometría esofágica,Laboratorio Médico Polanco; Hospital General de México,proposed:esophageal_ph_impedance,,TRUE_MISSING_CANONICAL,esophageal_ph_impedance,new canonical identity,duration;on_off_PPI,DIGESTIVE_ENDOSCOPY,PDF functional report,P2_COMMON_MEXICO_SPECIALTY,LMP_BRO;HGM_END,,PROC-CAT01,Need routing review vs functional root
AUDIT_ONLY | PROPOSED | DIRECTOR_REVIEW_REQUIRED,PROC,motility,Manometría anorrectal,Manometría anorrectal,Laboratorio Médico Polanco; Hospital General de México,none,,ADVANCED_DEFER,,reuse/parameter/separate authority per classification,protocol;balloon,DIGESTIVE_ENDOSCOPY,PDF report,P3_ADVANCED_REFERENCE,LMP_BRO;HGM_END,,LATER,Check demand before activation
AUDIT_ONLY | PROPOSED | DIRECTOR_REVIEW_REQUIRED,PROC,endoscopy,Polipectomía o resección endoscópica,Polipectomía o resección endoscópica,Hospital General de México; Médica Sur,none,,PROCEDURE_NOT_STUDY,,reuse/parameter/separate authority per classification,therapeutic act;consent;specimens,DIGESTIVE_ENDOSCOPY,procedure report,P1_COMMON_MEXICO_GENERAL,HGM_END;MS_PROC,,LATER,No study catalog item or therapy writer
AUDIT_ONLY | PROPOSED | DIRECTOR_REVIEW_REQUIRED,PROC,endoscopy,CPRE terapéutica extracción de cálculos,CPRE terapéutica extracción de cálculos,Hospital General de México; Médica Sur,ercp_cpre_base,ercp_cpre_base,PROCEDURE_NOT_STUDY,,reuse/parameter/separate authority per classification,diagnostic vs therapeutic;consent,DIGESTIVE_ENDOSCOPY,procedure report,P2_COMMON_MEXICO_SPECIALTY,HGM_END;MS_PROC,,LATER,Existing ERCP identity must not imply therapy
AUDIT_ONLY | PROPOSED | DIRECTOR_REVIEW_REQUIRED,PROC,endoscopy,Panendoscopia,Panendoscopia,Hospital General de México; Médica Sur,egd_eda_base,egd_eda_base,MISSING_SEARCH_TERM,,reuse/parameter/separate authority per classification,none,DIGESTIVE_ENDOSCOPY,PDF report,P1_COMMON_MEXICO_GENERAL,HGM_END;MS_PROC,,NONE,Common name for EGD
AUDIT_ONLY | PROPOSED | DIRECTOR_REVIEW_REQUIRED,PROC,endoscopy,Biopsia obtenida durante colonoscopia,Biopsia obtenida durante colonoscopia,Hospital General de México; Médica Sur,none,,PROCEDURE_NOT_STUDY,,reuse/parameter/separate authority per classification,site;specimen chain,DIGESTIVE_ENDOSCOPY,procedure report,P1_COMMON_MEXICO_GENERAL,HGM_END;MS_PROC,,LATER,Acquisition in procedure; pathology separate
AUDIT_ONLY | PROPOSED | DIRECTOR_REVIEW_REQUIRED,LAB,profiles,Química sanguínea 3 elementos,Química sanguínea 3 elementos,Salud Digna; Laboratorio Médico Polanco,proposed:panel_quimica_3,,TRUE_MISSING_PANEL,panel_quimica_3,new panel with fixed versioned components,fixed component list/version,CLINICAL_LAB,panel results,P1_COMMON_MEXICO_GENERAL,SD_PACK;LMP_MAIN,https://loinc.org/kb/users-guide/loinc-database-structure/loinc-table-structure,LAB-CAT05,Composition must be explicit; not provider price bundle
AUDIT_ONLY | PROPOSED | DIRECTOR_REVIEW_REQUIRED,LAB,profiles,Química sanguínea 6 elementos,Química sanguínea 6 elementos,Salud Digna; Laboratorio Médico Polanco,proposed:panel_quimica_6,,TRUE_MISSING_PANEL,panel_quimica_6,new panel with fixed versioned components,fixed component list/version,CLINICAL_LAB,panel results,P1_COMMON_MEXICO_GENERAL,SD_PACK;LMP_MAIN,https://loinc.org/kb/users-guide/loinc-database-structure/loinc-table-structure,LAB-CAT05,No variable Q6 under same key
AUDIT_ONLY | PROPOSED | DIRECTOR_REVIEW_REQUIRED,LAB,profiles,Perfil hepático,Perfil hepático,Laboratorio Médico Polanco; Quest Diagnostics México,proposed:panel_hepatic,,TRUE_MISSING_PANEL,panel_hepatic,new panel with fixed versioned components,fixed component list/version,CLINICAL_LAB,panel results,P1_COMMON_MEXICO_GENERAL,LMP_HEP;QUEST_CAT,https://loinc.org/kb/users-guide/loinc-database-structure/loinc-table-structure,LAB-CAT05,Do not infer from leaf grouping
AUDIT_ONLY | PROPOSED | DIRECTOR_REVIEW_REQUIRED,LAB,profiles,Perfil tiroideo,Perfil tiroideo,Laboratorio Médico Polanco; Quest Diagnostics México,proposed:panel_thyroid,,TRUE_MISSING_PANEL,panel_thyroid,new panel with fixed versioned components,fixed component list/version,CLINICAL_LAB,panel results,P1_COMMON_MEXICO_GENERAL,LMP_TYR;QUEST_CAT,https://loinc.org/kb/users-guide/loinc-database-structure/loinc-table-structure,LAB-CAT05,Distinguish from TSH alone
AUDIT_ONLY | PROPOSED | DIRECTOR_REVIEW_REQUIRED,LAB,blood_gases,Gasometría arterial,Gasometría arterial,Laboratorio Médico del Chopo; Laboratorio Médico Polanco,proposed:arterial_blood_gas,,TRUE_MISSING_CANONICAL,arterial_blood_gas,new canonical identity,arterial blood;oxygen fraction;collection time,CLINICAL_LAB,panel observations,P1_COMMON_MEXICO_GENERAL,CHOPO_GAS;LMP_MAIN,https://loinc.org/kb/users-guide/loinc-database-structure/loinc-table-structure,LAB-CAT05,Confirm exact Mexican catalog page before implementation
AUDIT_ONLY | PROPOSED | DIRECTOR_REVIEW_REQUIRED,LAB,profiles,Perfil básico de coagulación,Perfil básico de coagulación,Laboratorio Médico Polanco; Quest Diagnostics México,none,,UNCERTAIN,,reuse/parameter/separate authority per classification,fixed PT aPTT and extras,CLINICAL_LAB,panel results,P2_COMMON_MEXICO_SPECIALTY,LMP_MAIN;QUEST_CAT,https://loinc.org/kb/users-guide/loinc-database-structure/loinc-table-structure,LATER,Composition varies; needs source-specific confirmation
AUDIT_ONLY | PROPOSED | DIRECTOR_REVIEW_REQUIRED,LAB,infectious,IGRA tuberculosis,IGRA tuberculosis,Quest Diagnostics México; Laboratorio Médico Polanco,proposed:tb_igra,,TRUE_MISSING_CANONICAL,tb_igra,new canonical identity,whole blood;platform,CLINICAL_LAB,qualitative plus controls,P2_COMMON_MEXICO_SPECIALTY,QUEST;LMP_MAIN,https://loinc.org/kb/users-guide/loinc-database-structure/loinc-table-structure,LAB-CAT05,Not tuberculin skin test
AUDIT_ONLY | PROPOSED | DIRECTOR_REVIEW_REQUIRED,LAB,endocrine,Hormona antimülleriana,Hormona antimülleriana,Quest Diagnostics México; Laboratorio Médico Polanco,proposed:amh_serum,,TRUE_MISSING_CANONICAL,amh_serum,new canonical identity,serum;age context,CLINICAL_LAB,numeric result,P2_COMMON_MEXICO_SPECIALTY,QUEST;LMP_MAIN,https://loinc.org/kb/users-guide/loinc-database-structure/loinc-table-structure,LAB-CAT05,Specialty fertility test
AUDIT_ONLY | PROPOSED | DIRECTOR_REVIEW_REQUIRED,LAB,fecal,Sangre oculta fecal inmunoquímica FIT,Sangre oculta fecal inmunoquímica FIT,Laboratorio Médico Polanco; Quest Diagnostics México,fecal_occult_blood,fecal_occult_blood,UNCERTAIN,,reuse/parameter/separate authority per classification,method-specific;stool,CLINICAL_LAB,positive/negative,P2_COMMON_MEXICO_SPECIALTY,LMP_MAIN;QUEST_CAT,https://loinc.org/kb/users-guide/loinc-database-structure/loinc-table-structure,LATER,Current FOBT method unspecified; do not duplicate until verified
AUDIT_ONLY | PROPOSED | DIRECTOR_REVIEW_REQUIRED,LAB,chemistry,Brecha aniónica,Brecha aniónica,Laboratorio Médico Polanco; Quest Diagnostics México,sodium,sodium,DERIVED_VALUE,,reuse/parameter/separate authority per classification,electrolyte calculation,CLINICAL_LAB,derived result,P1_COMMON_MEXICO_GENERAL,LMP_HEP;QUEST_CAT,https://loinc.org/kb/users-guide/loinc-database-structure/loinc-table-structure,NONE,Not orderable; LOINC distinction
AUDIT_ONLY | PROPOSED | DIRECTOR_REVIEW_REQUIRED,LAB,renal,TFGe eGFR,TFGe eGFR,Laboratorio Médico Polanco; Quest Diagnostics México,creatinine,creatinine,DERIVED_VALUE,,reuse/parameter/separate authority per classification,creatinine;age/sex equation,CLINICAL_LAB,derived result,P1_COMMON_MEXICO_GENERAL,LMP_MAIN;QUEST_CAT,https://loinc.org/kb/users-guide/loinc-database-structure/loinc-table-structure,NONE,Not separate orderable
AUDIT_ONLY | PROPOSED | DIRECTOR_REVIEW_REQUIRED,LAB,endocrine,HbA1c glucosilada,HbA1c glucosilada,Salud Digna; Laboratorio Médico Polanco,hba1c,hba1c,ALIAS_OF_EXISTING,,reuse/parameter/separate authority per classification,none,CLINICAL_LAB,numeric result,P1_COMMON_MEXICO_GENERAL,SD_PACK;LMP_MAIN,https://loinc.org/kb/users-guide/loinc-database-structure/loinc-table-structure,NONE,Existing identity
AUDIT_ONLY | PROPOSED | DIRECTOR_REVIEW_REQUIRED,LAB,profiles,Perfil de electrolitos genérico,Perfil de electrolitos genérico,Laboratorio Médico Polanco; Quest Diagnostics México,none,,ADVANCED_DEFER,,reuse/parameter/separate authority per classification,fixed component list,CLINICAL_LAB,panel results,P3_ADVANCED_REFERENCE,LMP_MAIN;QUEST_CAT,https://loinc.org/kb/users-guide/loinc-database-structure/loinc-table-structure,LATER,First define exact panel contents
AUDIT_ONLY | PROPOSED | DIRECTOR_REVIEW_REQUIRED,DENTAL,intraoral_xray,Radiografía periapical,Radiografía periapical,Centro de Radiología Maxilofacial; Dentalis 3D; IMSS,proposed:dental_periapical_xray,,TRUE_MISSING_CANONICAL,dental_periapical_xray,new canonical identity,FDI tooth/region;views,DENTAL_DIAGNOSTICS,image/PDF,P1_COMMON_MEXICO_GENERAL,DENTAL_CRM;DENTAL_D;IMSS_DENT,,DENTAL-CAT03,Retain FDI architecture
AUDIT_ONLY | PROPOSED | DIRECTOR_REVIEW_REQUIRED,DENTAL,intraoral_xray,Radiografía interproximal bitewing,Radiografía interproximal bitewing,Centro de Radiología Maxilofacial; Dentalis 3D,proposed:dental_bitewing_xray,,TRUE_MISSING_CANONICAL,dental_bitewing_xray,new canonical identity,FDI quadrants;views,DENTAL_DIAGNOSTICS,image/PDF,P1_COMMON_MEXICO_GENERAL,DENTAL_CRM;DENTAL_D,,DENTAL-CAT03,Distinct projections/indication
AUDIT_ONLY | PROPOSED | DIRECTOR_REVIEW_REQUIRED,DENTAL,intraoral_xray,Radiografía oclusal,Radiografía oclusal,Centro de Radiología Maxilofacial; Dentalis 3D,proposed:dental_occlusal_xray,,TRUE_MISSING_CANONICAL,dental_occlusal_xray,new canonical identity,arch;views,DENTAL_DIAGNOSTICS,image/PDF,P2_COMMON_MEXICO_SPECIALTY,DENTAL_CRM;DENTAL_D,,DENTAL-CAT03,Distinct view
AUDIT_ONLY | PROPOSED | DIRECTOR_REVIEW_REQUIRED,DENTAL,intraoral_xray,Serie periapical completa,Serie periapical completa,IDIMAX; Centro de Radiología Maxilofacial,proposed:dental_full_periapical_series,,TRUE_MISSING_PANEL,dental_full_periapical_series,new panel with fixed versioned components,fixed image set/version,DENTAL_DIAGNOSTICS,image set/PDF,P2_COMMON_MEXICO_SPECIALTY,DENTAL_ID;DENTAL_CRM,,DENTAL-CAT03,Panel only with versioned views
AUDIT_ONLY | PROPOSED | DIRECTOR_REVIEW_REQUIRED,DENTAL,cbct,CBCT de campo pequeño vs grande,CBCT de campo pequeño vs grande,Centro de Radiología Maxilofacial; Dentalis 3D,dental_cbct,dental_cbct,PARAMETER_NOT_IDENTITY,,reuse/parameter/separate authority per classification,FOV;site;FDI,DENTAL_DIAGNOSTICS,image/PDF,P2_COMMON_MEXICO_SPECIALTY,DENTAL_CRM;DENTAL_D,,DENTAL-CAT03,Field-of-view parameter
AUDIT_ONLY | PROPOSED | DIRECTOR_REVIEW_REQUIRED,DENTAL,orthodontic,Paquete de registros ortodónticos,Paquete de registros ortodónticos,IDIMAX; Centro de Radiología Maxilofacial,none,,PROVIDER_CONFIGURATION,,reuse/parameter/separate authority per classification,bundle references component orderables,DENTAL_DIAGNOSTICS,multiple result assets,P2_COMMON_MEXICO_SPECIALTY,DENTAL_ID;DENTAL_CRM,,LATER,Commercial package; not single universal canonical identity
AUDIT_ONLY | PROPOSED | DIRECTOR_REVIEW_REQUIRED,DENTAL,orthodontic,Radiografía carpal para edad ósea,Radiografía carpal para edad ósea,Centro de Radiología Maxilofacial; Dentalis 3D,none,,ADVANCED_DEFER,,reuse/parameter/separate authority per classification,laterality;method,DENTAL_DIAGNOSTICS,image/PDF,P3_ADVANCED_REFERENCE,DENTAL_CRM;DENTAL_D,,LATER,Verify clinical demand and imaging root boundary
