audit_status,study_key,canonical_display_name,category,current_aliases,existing_aliases_needing_scope_review,equivalent_aliases,abbreviations,proposed_equivalent_aliases,proposed_abbreviations,common_display_name,discovery_terms,normalized_tokens,minimum_prefix_behavior,ambiguous_terms,expected_leaf,search_risk,recommended_action,sources,Director_notes
AUDIT_ONLY|PROPOSED|DIRECTOR_REVIEW_REQUIRED,audiometry_speech,Audiometría verbal,AUDIOLOGIA,[],[],[],[],[],[],,[],"[""audiometria"", ""verbal"", ""audiometry"", ""speech""]",TOKEN_PREFIX_3;EXACT_APPROVED_ABBREVIATION,[],"[""audiovestibular""]",LOW_CURRENT_TERM_ONLY,KEEP_CANONICAL_IDENTITY|NO_EXTRA_TERM_PROPOSED,"[""LIVE_CATALOG_2026-10-04"", ""FEATURED02_NAV_V1""]",Canonical display and current aliases audited; no unverified synonym inferred.
AUDIT_ONLY|PROPOSED|DIRECTOR_REVIEW_REQUIRED,audiometry_tonal,Audiometría tonal,AUDIOLOGIA,[],[],[],[],[],[],,[],"[""audiometria"", ""tonal"", ""audiometry""]",TOKEN_PREFIX_3;EXACT_APPROVED_ABBREVIATION,[],"[""audiovestibular""]",LOW_CURRENT_TERM_ONLY,KEEP_CANONICAL_IDENTITY|NO_EXTRA_TERM_PROPOSED,"[""LIVE_CATALOG_2026-10-04"", ""FEATURED02_NAV_V1""]",Canonical display and current aliases audited; no unverified synonym inferred.
AUDIT_ONLY|PROPOSED|DIRECTOR_REVIEW_REQUIRED,otoacoustic_emissions,Emisiones otoacústicas (OEA),AUDIOLOGIA,"[""OEA""]",[],[],"[""OEA""]",[],[],,[],"[""emisiones"", ""otoacusticas"", ""oea"", ""otoacoustic"", ""emissions""]",TOKEN_PREFIX_3;EXACT_APPROVED_ABBREVIATION,[],"[""audiovestibular""]",LOW_CURRENT_TERM_ONLY,KEEP_CANONICAL_IDENTITY|NO_EXTRA_TERM_PROPOSED,"[""LIVE_CATALOG_2026-10-04"", ""FEATURED02_NAV_V1""]",Canonical display and current aliases audited; no unverified synonym inferred.
AUDIT_ONLY|PROPOSED|DIRECTOR_REVIEW_REQUIRED,tympanometry,Timpanometría (impedanciometría),AUDIOLOGIA,"[""impedanciometría""]",[],"[""impedanciometría""]",[],[],[],,[],"[""timpanometria"", ""impedanciometria"", ""tympanometry""]",TOKEN_PREFIX_3;EXACT_APPROVED_ABBREVIATION,[],"[""audiovestibular""]",LOW_CURRENT_TERM_ONLY,KEEP_CANONICAL_IDENTITY|NO_EXTRA_TERM_PROPOSED,"[""LIVE_CATALOG_2026-10-04"", ""FEATURED02_NAV_V1""]",Canonical display and current aliases audited; no unverified synonym inferred.
AUDIT_ONLY|PROPOSED|DIRECTOR_REVIEW_REQUIRED,vng,Videonistagmografía (VNG),AUDIOLOGIA,[],[],[],"[""VNG""]",[],[],,[],"[""videonistagmografia"", ""vng""]",TOKEN_PREFIX_3;EXACT_APPROVED_ABBREVIATION,[],"[""audiovestibular""]",LOW_CURRENT_TERM_ONLY,KEEP_CANONICAL_IDENTITY|NO_EXTRA_TERM_PROPOSED,"[""LIVE_CATALOG_2026-10-04"", ""FEATURED02_NAV_V1""]",Canonical display and current aliases audited; no unverified synonym inferred.
AUDIT_ONLY|PROPOSED|DIRECTOR_REVIEW_REQUIRED,abpm_mapa,MAPA (presión arterial ambulatoria / ABPM),CARDIOVASCULAR,"[""MAPA 24 h (presión arterial ambulatoria)"", ""ABPM""]",[],"[""MAPA 24 h (presión arterial ambulatoria)""]","[""ABPM"", ""MAPA""]",[],[],Monitoreo ambulatorio de presión arterial,[],"[""mapa"", ""presion"", ""arterial"", ""ambulatoria"", ""abpm"", ""24"", ""h"", ""monitoreo"", ""ambulatorio"", ""de""]",TOKEN_PREFIX_3;EXACT_APPROVED_ABBREVIATION,[],"[""cardiovascular""]",COMMON_DISPLAY_PROPOSAL,KEEP_CANONICAL_IDENTITY|REVIEW_SECONDARY_COMMON_DISPLAY,"[""LIVE_CATALOG_2026-10-04"", ""FEATURED02_NAV_V1"", ""AHA_ABPM""]","Secondary common display is proposed, not current UI."
AUDIT_ONLY|PROPOSED|DIRECTOR_REVIEW_REQUIRED,ankle_brachial_index,Índice tobillo-brazo (ITB/ABI),CARDIOVASCULAR,"[""ITB"", ""ABI""]",[],[],"[""ITB"", ""ABI""]",[],[],,[],"[""indice"", ""tobillo"", ""brazo"", ""itb"", ""abi"", ""ankle"", ""brachial"", ""index""]",TOKEN_PREFIX_3;EXACT_APPROVED_ABBREVIATION,[],"[""cardiovascular""]",LOW_CURRENT_TERM_ONLY,KEEP_CANONICAL_IDENTITY|NO_EXTRA_TERM_PROPOSED,"[""LIVE_CATALOG_2026-10-04"", ""FEATURED02_NAV_V1""]",Canonical display and current aliases audited; no unverified synonym inferred.
AUDIT_ONLY|PROPOSED|DIRECTOR_REVIEW_REQUIRED,carotid_doppler,Doppler carotídeo,CARDIOVASCULAR,[],[],[],[],[],[],,[],"[""doppler"", ""carotideo"", ""carotid""]",TOKEN_PREFIX_3;EXACT_APPROVED_ABBREVIATION,[],"[""ultrasound_vascular""]",LOW_CURRENT_TERM_ONLY,KEEP_CANONICAL_IDENTITY|NO_EXTRA_TERM_PROPOSED,"[""LIVE_CATALOG_2026-10-04"", ""FEATURED02_NAV_V1""]",Canonical display and current aliases audited; no unverified synonym inferred.
AUDIT_ONLY|PROPOSED|DIRECTOR_REVIEW_REQUIRED,ecg_12lead,ECG 12 derivaciones,CARDIOVASCULAR,[],[],[],"[""ECG 12 derivaciones""]","[""Electrocardiograma de 12 derivaciones""]","[""EKG 12 derivaciones""]",Electrocardiograma de 12 derivaciones,"[""arritmia""]","[""ecg"", ""12"", ""derivaciones"", ""ekg"", ""electrocardiograma"", ""de"", ""arritmia"", ""12lead""]",TOKEN_PREFIX_3;EXACT_APPROVED_ABBREVIATION,[],"[""cardiovascular""]",DISCOVERY_NOT_SYNONYM|PROPOSED_TERM_REVIEW|COMMON_DISPLAY_PROPOSAL,KEEP_CANONICAL_IDENTITY|REVIEW_PROPOSED_EQUIVALENCE|REVIEW_SECONDARY_COMMON_DISPLAY|REVIEW_RANK_ONLY_DISCOVERY,"[""LIVE_CATALOG_2026-10-04"", ""FEATURED02_NAV_V1"", ""AHA_ECG""]","Proposed search term requires Director clinical review; no catalog mutation. Secondary common display is proposed, not current UI."
AUDIT_ONLY|PROPOSED|DIRECTOR_REVIEW_REQUIRED,ecg_rhythm_strip,Tira de ritmo,CARDIOVASCULAR,[],[],[],[],[],[],,[],"[""tira"", ""de"", ""ritmo"", ""ecg"", ""rhythm"", ""strip""]",TOKEN_PREFIX_3;EXACT_APPROVED_ABBREVIATION,[],"[""cardiovascular""]",LOW_CURRENT_TERM_ONLY,KEEP_CANONICAL_IDENTITY|NO_EXTRA_TERM_PROPOSED,"[""LIVE_CATALOG_2026-10-04"", ""FEATURED02_NAV_V1""]",Canonical display and current aliases audited; no unverified synonym inferred.
AUDIT_ONLY|PROPOSED|DIRECTOR_REVIEW_REQUIRED,echo_tes,Ecocardiograma transesofágico (ETE),CARDIOVASCULAR,"[""ETE""]",[],[],"[""ETE""]",[],[],,[],"[""ecocardiograma"", ""transesofagico"", ""ete"", ""echo"", ""tes""]",TOKEN_PREFIX_3;EXACT_APPROVED_ABBREVIATION,[],"[""ultrasound_cardiac""]",LOW_CURRENT_TERM_ONLY,KEEP_CANONICAL_IDENTITY|NO_EXTRA_TERM_PROPOSED,"[""LIVE_CATALOG_2026-10-04"", ""FEATURED02_NAV_V1""]",Canonical display and current aliases audited; no unverified synonym inferred.
AUDIT_ONLY|PROPOSED|DIRECTOR_REVIEW_REQUIRED,echo_tte,Ecocardiograma transtorácico (ETT),CARDIOVASCULAR,"[""ETT""]",[],[],"[""ETT""]",[],[],,[],"[""ecocardiograma"", ""transtoracico"", ""ett"", ""echo"", ""tte""]",TOKEN_PREFIX_3;EXACT_APPROVED_ABBREVIATION,[],"[""ultrasound_cardiac""]",LOW_CURRENT_TERM_ONLY,KEEP_CANONICAL_IDENTITY|NO_EXTRA_TERM_PROPOSED,"[""LIVE_CATALOG_2026-10-04"", ""FEATURED02_NAV_V1""]",Canonical display and current aliases audited; no unverified synonym inferred.
AUDIT_ONLY|PROPOSED|DIRECTOR_REVIEW_REQUIRED,holter,Holter / monitorización ECG ambulatoria,CARDIOVASCULAR,[],[],[],[],[],[],,"[""arritmia""]","[""holter"", ""monitorizacion"", ""ecg"", ""ambulatoria"", ""arritmia""]",TOKEN_PREFIX_3;EXACT_APPROVED_ABBREVIATION,[],"[""cardiovascular""]",DISCOVERY_NOT_SYNONYM,KEEP_CANONICAL_IDENTITY|REVIEW_RANK_ONLY_DISCOVERY,"[""LIVE_CATALOG_2026-10-04"", ""FEATURED02_NAV_V1"", ""AHA_HOLTER""]",Canonical display and current aliases audited; no unverified synonym inferred.
AUDIT_ONLY|PROPOSED|DIRECTOR_REVIEW_REQUIRED,lower_ext_art_doppler,Doppler arterial de miembros inferiores,CARDIOVASCULAR,[],[],[],[],[],[],,[],"[""doppler"", ""arterial"", ""de"", ""miembros"", ""inferiores"", ""lower"", ""ext"", ""art""]",TOKEN_PREFIX_3;EXACT_APPROVED_ABBREVIATION,[],"[""ultrasound_vascular""]",LOW_CURRENT_TERM_ONLY,KEEP_CANONICAL_IDENTITY|NO_EXTRA_TERM_PROPOSED,"[""LIVE_CATALOG_2026-10-04"", ""FEATURED02_NAV_V1""]",Canonical display and current aliases audited; no unverified synonym inferred.
AUDIT_ONLY|PROPOSED|DIRECTOR_REVIEW_REQUIRED,lower_ext_venous_doppler,Doppler venoso de miembros inferiores,CARDIOVASCULAR,[],[],[],[],[],[],,[],"[""doppler"", ""venoso"", ""de"", ""miembros"", ""inferiores"", ""lower"", ""ext"", ""venous""]",TOKEN_PREFIX_3;EXACT_APPROVED_ABBREVIATION,[],"[""ultrasound_vascular""]",LOW_CURRENT_TERM_ONLY,KEEP_CANONICAL_IDENTITY|NO_EXTRA_TERM_PROPOSED,"[""LIVE_CATALOG_2026-10-04"", ""FEATURED02_NAV_V1""]",Canonical display and current aliases audited; no unverified synonym inferred.
AUDIT_ONLY|PROPOSED|DIRECTOR_REVIEW_REQUIRED,stress_echo,Ecocardiograma de estrés,CARDIOVASCULAR,[],[],[],[],[],[],,[],"[""ecocardiograma"", ""de"", ""estres"", ""stress"", ""echo""]",TOKEN_PREFIX_3;EXACT_APPROVED_ABBREVIATION,[],"[""ultrasound_cardiac""]",LOW_CURRENT_TERM_ONLY,KEEP_CANONICAL_IDENTITY|NO_EXTRA_TERM_PROPOSED,"[""LIVE_CATALOG_2026-10-04"", ""FEATURED02_NAV_V1""]",Canonical display and current aliases audited; no unverified synonym inferred.
AUDIT_ONLY|PROPOSED|DIRECTOR_REVIEW_REQUIRED,stress_test,Prueba de esfuerzo (ECG de esfuerzo),CARDIOVASCULAR,[],[],[],[],[],[],,[],"[""prueba"", ""de"", ""esfuerzo"", ""ecg"", ""stress"", ""test""]",TOKEN_PREFIX_3;EXACT_APPROVED_ABBREVIATION,[],"[""cardiovascular""]",LOW_CURRENT_TERM_ONLY,KEEP_CANONICAL_IDENTITY|NO_EXTRA_TERM_PROPOSED,"[""LIVE_CATALOG_2026-10-04"", ""FEATURED02_NAV_V1""]",Canonical display and current aliases audited; no unverified synonym inferred.
AUDIT_ONLY|PROPOSED|DIRECTOR_REVIEW_REQUIRED,tilt_table,Prueba de mesa basculante (Tilt table),CARDIOVASCULAR,"[""Mesa inclinada (Tilt test)""]",[],"[""Mesa inclinada (Tilt test)""]",[],[],[],,[],"[""prueba"", ""de"", ""mesa"", ""basculante"", ""tilt"", ""table"", ""inclinada"", ""test""]",TOKEN_PREFIX_3;EXACT_APPROVED_ABBREVIATION,[],"[""cardiovascular""]",LOW_CURRENT_TERM_ONLY,KEEP_CANONICAL_IDENTITY|NO_EXTRA_TERM_PROPOSED,"[""LIVE_CATALOG_2026-10-04"", ""FEATURED02_NAV_V1""]",Canonical display and current aliases audited; no unverified synonym inferred.
AUDIT_ONLY|PROPOSED|DIRECTOR_REVIEW_REQUIRED,dental_clinical_photographs,Fotografías clínicas odontológicas,DENTAL,"[""Fotografías intraorales"", ""Fotografías extraorales"", ""Registros fotográficos dentales""]","[""Fotografías intraorales"", ""Fotografías extraorales""]","[""Fotografías intraorales"", ""Fotografías extraorales"", ""Registros fotográficos dentales""]",[],[],[],,[],"[""fotografias"", ""clinicas"", ""odontologicas"", ""intraorales"", ""extraorales"", ""registros"", ""fotograficos"", ""dentales"", ""dental"", ""clinical"", ""photographs""]",TOKEN_PREFIX_3;EXACT_APPROVED_ABBREVIATION,[],"[""dental-records""]",EXISTING_ALIAS_SCOPE_REVIEW,KEEP_CANONICAL_IDENTITY|REVIEW_EXISTING_ALIAS_SCOPE,"[""LIVE_CATALOG_2026-10-04"", ""FEATURED02_NAV_V1""]",Existing accepted alias is preserved; any narrower future scope requires Director review and compatibility handling.
AUDIT_ONLY|PROPOSED|DIRECTOR_REVIEW_REQUIRED,dental_intraoral_scan,Escaneo intraoral dental,DENTAL,"[""Escaneo intraoral"", ""Impresión digital intraoral""]",[],"[""Escaneo intraoral"", ""Impresión digital intraoral""]",[],[],[],,[],"[""escaneo"", ""intraoral"", ""dental"", ""impresion"", ""digital"", ""scan""]",TOKEN_PREFIX_3;EXACT_APPROVED_ABBREVIATION,[],"[""dental-records"", ""dental-scan-models""]",MULTI_LEAF_NAVIGATION,KEEP_CANONICAL_IDENTITY|NO_EXTRA_TERM_PROPOSED,"[""LIVE_CATALOG_2026-10-04"", ""FEATURED02_NAV_V1""]",Multiple navigation leaves refer to one canonical key.
AUDIT_ONLY|PROPOSED|DIRECTOR_REVIEW_REQUIRED,dental_study_model,Modelo de estudio dental,DENTAL,"[""Modelo dental"", ""Modelos de estudio"", ""Modelo de estudio odontológico""]",[],"[""Modelo dental"", ""Modelos de estudio"", ""Modelo de estudio odontológico""]",[],[],[],,[],"[""modelo"", ""de"", ""estudio"", ""dental"", ""modelos"", ""odontologico"", ""study"", ""model""]",TOKEN_PREFIX_3;EXACT_APPROVED_ABBREVIATION,[],"[""dental-records"", ""dental-scan-models""]",MULTI_LEAF_NAVIGATION,KEEP_CANONICAL_IDENTITY|NO_EXTRA_TERM_PROPOSED,"[""LIVE_CATALOG_2026-10-04"", ""FEATURED02_NAV_V1""]",Multiple navigation leaves refer to one canonical key.
AUDIT_ONLY|PROPOSED|DIRECTOR_REVIEW_REQUIRED,anoscopy_base,Anoscopia,ENDOSCOPIA,[],[],[],[],[],[],,[],"[""anoscopia"", ""anoscopy"", ""base""]",TOKEN_PREFIX_3;EXACT_APPROVED_ABBREVIATION,[],"[""digestive_endoscopy""]",LOW_CURRENT_TERM_ONLY,KEEP_CANONICAL_IDENTITY|NO_EXTRA_TERM_PROPOSED,"[""LIVE_CATALOG_2026-10-04"", ""FEATURED02_NAV_V1""]",Canonical display and current aliases audited; no unverified synonym inferred.
AUDIT_ONLY|PROPOSED|DIRECTOR_REVIEW_REQUIRED,bronchoscopy_base,Broncoscopía,ENDOSCOPIA,[],[],[],[],[],[],,[],"[""broncoscopia"", ""bronchoscopy"", ""base""]",TOKEN_PREFIX_3;EXACT_APPROVED_ABBREVIATION,[],"[""bronchoscopy""]",LOW_CURRENT_TERM_ONLY,KEEP_CANONICAL_IDENTITY|NO_EXTRA_TERM_PROPOSED,"[""LIVE_CATALOG_2026-10-04"", ""FEATURED02_NAV_V1"", ""NIH_ENDOSCOPY""]",Canonical display and current aliases audited; no unverified synonym inferred.
AUDIT_ONLY|PROPOSED|DIRECTOR_REVIEW_REQUIRED,capsule_base,Cápsula endoscópica,ENDOSCOPIA,[],[],[],[],[],[],,[],"[""capsula"", ""endoscopica"", ""capsule"", ""base""]",TOKEN_PREFIX_3;EXACT_APPROVED_ABBREVIATION,[],"[""digestive_endoscopy""]",LOW_CURRENT_TERM_ONLY,KEEP_CANONICAL_IDENTITY|NO_EXTRA_TERM_PROPOSED,"[""LIVE_CATALOG_2026-10-04"", ""FEATURED02_NAV_V1""]",Canonical display and current aliases audited; no unverified synonym inferred.
AUDIT_ONLY|PROPOSED|DIRECTOR_REVIEW_REQUIRED,colonoscopy_base,Colonoscopia,ENDOSCOPIA,[],[],[],[],[],[],,[],"[""colonoscopia"", ""colonoscopy"", ""base""]",TOKEN_PREFIX_3;EXACT_APPROVED_ABBREVIATION,[],"[""digestive_endoscopy""]",LOW_CURRENT_TERM_ONLY,KEEP_CANONICAL_IDENTITY|NO_EXTRA_TERM_PROPOSED,"[""LIVE_CATALOG_2026-10-04"", ""FEATURED02_NAV_V1"", ""NIH_ENDOSCOPY""]",Canonical display and current aliases audited; no unverified synonym inferred.
AUDIT_ONLY|PROPOSED|DIRECTOR_REVIEW_REQUIRED,ebus_base,EBUS (ultrasonido endobronquial),ENDOSCOPIA,[],[],[],"[""EBUS""]",[],[],,[],"[""ebus"", ""ultrasonido"", ""endobronquial"", ""base""]",TOKEN_PREFIX_3;EXACT_APPROVED_ABBREVIATION,[],"[""bronchoscopy""]",LOW_CURRENT_TERM_ONLY,KEEP_CANONICAL_IDENTITY|NO_EXTRA_TERM_PROPOSED,"[""LIVE_CATALOG_2026-10-04"", ""FEATURED02_NAV_V1""]",Canonical display and current aliases audited; no unverified synonym inferred.
AUDIT_ONLY|PROPOSED|DIRECTOR_REVIEW_REQUIRED,egd_eda_base,EGD/EDA (endoscopia alta),ENDOSCOPIA,"[""EGD"", ""EDA""]",[],[],"[""EGD"", ""EDA"", ""EGD/EDA""]","[""Esofagogastroduodenoscopia""]",[],Endoscopia digestiva alta,[],"[""egd"", ""eda"", ""endoscopia"", ""alta"", ""esofagogastroduodenoscopia"", ""digestiva"", ""base""]",TOKEN_PREFIX_3;EXACT_APPROVED_ABBREVIATION,[],"[""digestive_endoscopy""]",PROPOSED_TERM_REVIEW|COMMON_DISPLAY_PROPOSAL,KEEP_CANONICAL_IDENTITY|REVIEW_PROPOSED_EQUIVALENCE|REVIEW_SECONDARY_COMMON_DISPLAY,"[""LIVE_CATALOG_2026-10-04"", ""FEATURED02_NAV_V1"", ""NIH_ENDOSCOPY""]","Proposed search term requires Director clinical review; no catalog mutation. Secondary common display is proposed, not current UI."
AUDIT_ONLY|PROPOSED|DIRECTOR_REVIEW_REQUIRED,enteroscopy_base,Enteroscopia,ENDOSCOPIA,[],[],[],[],[],[],,[],"[""enteroscopia"", ""enteroscopy"", ""base""]",TOKEN_PREFIX_3;EXACT_APPROVED_ABBREVIATION,[],"[""digestive_endoscopy""]",LOW_CURRENT_TERM_ONLY,KEEP_CANONICAL_IDENTITY|NO_EXTRA_TERM_PROPOSED,"[""LIVE_CATALOG_2026-10-04"", ""FEATURED02_NAV_V1""]",Canonical display and current aliases audited; no unverified synonym inferred.
AUDIT_ONLY|PROPOSED|DIRECTOR_REVIEW_REQUIRED,ercp_cpre_base,CPRE / ERCP,ENDOSCOPIA,"[""CPRE"", ""ERCP""]",[],[],"[""CPRE"", ""ERCP"", ""CPRE / ERCP""]",[],[],,[],"[""cpre"", ""ercp"", ""base""]",TOKEN_PREFIX_3;EXACT_APPROVED_ABBREVIATION,[],"[""digestive_endoscopy""]",LOW_CURRENT_TERM_ONLY,KEEP_CANONICAL_IDENTITY|NO_EXTRA_TERM_PROPOSED,"[""LIVE_CATALOG_2026-10-04"", ""FEATURED02_NAV_V1""]",Canonical display and current aliases audited; no unverified synonym inferred.
AUDIT_ONLY|PROPOSED|DIRECTOR_REVIEW_REQUIRED,eus_use_base,EUS/USE (ultrasonido endoscópico),ENDOSCOPIA,"[""EUS"", ""USE""]",[],[],"[""EUS"", ""USE"", ""EUS/USE""]",[],[],,[],"[""eus"", ""use"", ""ultrasonido"", ""endoscopico"", ""base""]",TOKEN_PREFIX_3;EXACT_APPROVED_ABBREVIATION,[],"[""digestive_endoscopy""]",LOW_CURRENT_TERM_ONLY,KEEP_CANONICAL_IDENTITY|NO_EXTRA_TERM_PROPOSED,"[""LIVE_CATALOG_2026-10-04"", ""FEATURED02_NAV_V1""]",Canonical display and current aliases audited; no unverified synonym inferred.
AUDIT_ONLY|PROPOSED|DIRECTOR_REVIEW_REQUIRED,flex_sig_base,Sigmoidoscopia flexible,ENDOSCOPIA,[],[],[],[],[],[],,[],"[""sigmoidoscopia"", ""flexible"", ""flex"", ""sig"", ""base""]",TOKEN_PREFIX_3;EXACT_APPROVED_ABBREVIATION,[],"[""digestive_endoscopy""]",LOW_CURRENT_TERM_ONLY,KEEP_CANONICAL_IDENTITY|NO_EXTRA_TERM_PROPOSED,"[""LIVE_CATALOG_2026-10-04"", ""FEATURED02_NAV_V1""]",Canonical display and current aliases audited; no unverified synonym inferred.
AUDIT_ONLY|PROPOSED|DIRECTOR_REVIEW_REQUIRED,laryngoscopy_base,Laringoscopía flexible,ENDOSCOPIA,[],[],[],[],[],[],,[],"[""laringoscopia"", ""flexible"", ""laryngoscopy"", ""base""]",TOKEN_PREFIX_3;EXACT_APPROVED_ABBREVIATION,[],"[""laryngoscopy""]",LOW_CURRENT_TERM_ONLY,KEEP_CANONICAL_IDENTITY|NO_EXTRA_TERM_PROPOSED,"[""LIVE_CATALOG_2026-10-04"", ""FEATURED02_NAV_V1"", ""NIH_ENDOSCOPY""]",Canonical display and current aliases audited; no unverified synonym inferred.
AUDIT_ONLY|PROPOSED|DIRECTOR_REVIEW_REQUIRED,pleuroscopy_base,Pleuroscopía / Toracoscopía médica,ENDOSCOPIA,[],[],[],[],[],[],,[],"[""pleuroscopia"", ""toracoscopia"", ""medica"", ""pleuroscopy"", ""base""]",TOKEN_PREFIX_3;EXACT_APPROVED_ABBREVIATION,[],"[""pleuroscopy""]",LOW_CURRENT_TERM_ONLY,KEEP_CANONICAL_IDENTITY|NO_EXTRA_TERM_PROPOSED,"[""LIVE_CATALOG_2026-10-04"", ""FEATURED02_NAV_V1""]",Canonical display and current aliases audited; no unverified synonym inferred.
AUDIT_ONLY|PROPOSED|DIRECTOR_REVIEW_REQUIRED,proctoscopy_base,Proctoscopia,ENDOSCOPIA,[],[],[],[],[],[],,[],"[""proctoscopia"", ""proctoscopy"", ""base""]",TOKEN_PREFIX_3;EXACT_APPROVED_ABBREVIATION,"[""pro""]","[""digestive_endoscopy""]",PREFIX_AMBIGUITY,KEEP_CANONICAL_IDENTITY|REQUIRE_DISAMBIGUATION,"[""LIVE_CATALOG_2026-10-04"", ""FEATURED02_NAV_V1""]",Canonical display and current aliases audited; no unverified synonym inferred.
AUDIT_ONLY|PROPOSED|DIRECTOR_REVIEW_REQUIRED,capnography,Capnografía,FUNCION_PULMONAR,[],[],[],[],[],[],,[],"[""capnografia"", ""capnography""]",TOKEN_PREFIX_3;EXACT_APPROVED_ABBREVIATION,[],"[""pulmonary""]",LOW_CURRENT_TERM_ONLY,KEEP_CANONICAL_IDENTITY|NO_EXTRA_TERM_PROPOSED,"[""LIVE_CATALOG_2026-10-04"", ""FEATURED02_NAV_V1""]",Canonical display and current aliases audited; no unverified synonym inferred.
AUDIT_ONLY|PROPOSED|DIRECTOR_REVIEW_REQUIRED,cpet,Prueba de esfuerzo cardiopulmonar (CPET),FUNCION_PULMONAR,[],[],[],"[""CPET""]",[],[],,[],"[""prueba"", ""de"", ""esfuerzo"", ""cardiopulmonar"", ""cpet""]",TOKEN_PREFIX_3;EXACT_APPROVED_ABBREVIATION,[],"[""pulmonary""]",LOW_CURRENT_TERM_ONLY,KEEP_CANONICAL_IDENTITY|NO_EXTRA_TERM_PROPOSED,"[""LIVE_CATALOG_2026-10-04"", ""FEATURED02_NAV_V1""]",Canonical display and current aliases audited; no unverified synonym inferred.
AUDIT_ONLY|PROPOSED|DIRECTOR_REVIEW_REQUIRED,dlco,DLCO (difusión de CO),FUNCION_PULMONAR,[],[],[],"[""DLCO""]",[],[],,[],"[""dlco"", ""difusion"", ""de"", ""co""]",TOKEN_PREFIX_3;EXACT_APPROVED_ABBREVIATION,[],"[""pulmonary""]",LOW_CURRENT_TERM_ONLY,KEEP_CANONICAL_IDENTITY|NO_EXTRA_TERM_PROPOSED,"[""LIVE_CATALOG_2026-10-04"", ""FEATURED02_NAV_V1""]",Canonical display and current aliases audited; no unverified synonym inferred.
AUDIT_ONLY|PROPOSED|DIRECTOR_REVIEW_REQUIRED,feno,FeNO (óxido nítrico exhalado),FUNCION_PULMONAR,[],[],[],[],[],[],,[],"[""feno"", ""oxido"", ""nitrico"", ""exhalado""]",TOKEN_PREFIX_3;EXACT_APPROVED_ABBREVIATION,[],"[""pulmonary""]",LOW_CURRENT_TERM_ONLY,KEEP_CANONICAL_IDENTITY|NO_EXTRA_TERM_PROPOSED,"[""LIVE_CATALOG_2026-10-04"", ""FEATURED02_NAV_V1""]",Canonical display and current aliases audited; no unverified synonym inferred.
AUDIT_ONLY|PROPOSED|DIRECTOR_REVIEW_REQUIRED,full_pft,Pruebas funcionales respiratorias completas (PFR completo),FUNCION_PULMONAR,"[""PFR completo""]",[],[],"[""PFR completo""]",[],"[""PFT completo""]",Pruebas de función pulmonar completas,"[""PFT""]","[""pruebas"", ""funcionales"", ""respiratorias"", ""completas"", ""pfr"", ""completo"", ""pft"", ""de"", ""funcion"", ""pulmonar"", ""full""]",TOKEN_PREFIX_3;EXACT_APPROVED_ABBREVIATION,[],"[""pulmonary""]",DISCOVERY_NOT_SYNONYM|PROPOSED_TERM_REVIEW|COMMON_DISPLAY_PROPOSAL,KEEP_CANONICAL_IDENTITY|REVIEW_PROPOSED_EQUIVALENCE|REVIEW_SECONDARY_COMMON_DISPLAY|REVIEW_RANK_ONLY_DISCOVERY,"[""LIVE_CATALOG_2026-10-04"", ""FEATURED02_NAV_V1"", ""NIH_PFT""]","Proposed search term requires Director clinical review; no catalog mutation. Secondary common display is proposed, not current UI."
AUDIT_ONLY|PROPOSED|DIRECTOR_REVIEW_REQUIRED,overnight_oximetry,Oximetría nocturna,FUNCION_PULMONAR,[],[],[],[],[],[],,[],"[""oximetria"", ""nocturna"", ""overnight"", ""oximetry""]",TOKEN_PREFIX_3;EXACT_APPROVED_ABBREVIATION,[],"[""pulmonary""]",LOW_CURRENT_TERM_ONLY,KEEP_CANONICAL_IDENTITY|NO_EXTRA_TERM_PROPOSED,"[""LIVE_CATALOG_2026-10-04"", ""FEATURED02_NAV_V1""]",Canonical display and current aliases audited; no unverified synonym inferred.
AUDIT_ONLY|PROPOSED|DIRECTOR_REVIEW_REQUIRED,plethysmography,Volúmenes pulmonares (pletismografía corporal),FUNCION_PULMONAR,[],[],[],[],[],[],,[],"[""volumenes"", ""pulmonares"", ""pletismografia"", ""corporal"", ""plethysmography""]",TOKEN_PREFIX_3;EXACT_APPROVED_ABBREVIATION,[],"[""pulmonary""]",LOW_CURRENT_TERM_ONLY,KEEP_CANONICAL_IDENTITY|NO_EXTRA_TERM_PROPOSED,"[""LIVE_CATALOG_2026-10-04"", ""FEATURED02_NAV_V1""]",Canonical display and current aliases audited; no unverified synonym inferred.
AUDIT_ONLY|PROPOSED|DIRECTOR_REVIEW_REQUIRED,six_min_walk,Caminata 6 minutos (6MWT),FUNCION_PULMONAR,"[""6MWT""]",[],[],"[""6MWT""]",[],[],,[],"[""caminata"", ""6"", ""minutos"", ""6mwt"", ""six"", ""min"", ""walk""]",TOKEN_PREFIX_3;EXACT_APPROVED_ABBREVIATION,[],"[""pulmonary""]",LOW_CURRENT_TERM_ONLY,KEEP_CANONICAL_IDENTITY|NO_EXTRA_TERM_PROPOSED,"[""LIVE_CATALOG_2026-10-04"", ""FEATURED02_NAV_V1""]",Canonical display and current aliases audited; no unverified synonym inferred.
AUDIT_ONLY|PROPOSED|DIRECTOR_REVIEW_REQUIRED,spirometry,Espirometría,FUNCION_PULMONAR,[],[],[],[],[],[],,"[""PFT""]","[""espirometria"", ""pft"", ""spirometry""]",TOKEN_PREFIX_3;EXACT_APPROVED_ABBREVIATION,[],"[""pulmonary""]",DISCOVERY_NOT_SYNONYM,KEEP_CANONICAL_IDENTITY|REVIEW_RANK_ONLY_DISCOVERY,"[""LIVE_CATALOG_2026-10-04"", ""FEATURED02_NAV_V1""]",Canonical display and current aliases audited; no unverified synonym inferred.
AUDIT_ONLY|PROPOSED|DIRECTOR_REVIEW_REQUIRED,brca1_2,BRCA1/BRCA2 (germinal),GENETICA,[],[],[],"[""BRCA1/BRCA2""]",[],[],,[],"[""brca1"", ""brca2"", ""germinal"", ""2""]",TOKEN_PREFIX_3;EXACT_APPROVED_ABBREVIATION,[],"[""germline_genetics"", ""hereditary_oncology""]",MULTI_LEAF_NAVIGATION,KEEP_CANONICAL_IDENTITY|NO_EXTRA_TERM_PROPOSED,"[""LIVE_CATALOG_2026-10-04"", ""FEATURED02_NAV_V1""]",Multiple navigation leaves refer to one canonical key.
AUDIT_ONLY|PROPOSED|DIRECTOR_REVIEW_REQUIRED,carrier_screening,Tamiz de portadores (Carrier screening),GENETICA,[],[],[],[],[],[],,[],"[""tamiz"", ""de"", ""portadores"", ""carrier"", ""screening""]",TOKEN_PREFIX_3;EXACT_APPROVED_ABBREVIATION,[],"[""germline_genetics"", ""panels""]",MULTI_LEAF_NAVIGATION,KEEP_CANONICAL_IDENTITY|NO_EXTRA_TERM_PROPOSED,"[""LIVE_CATALOG_2026-10-04"", ""FEATURED02_NAV_V1""]",Multiple navigation leaves refer to one canonical key.
AUDIT_ONLY|PROPOSED|DIRECTOR_REVIEW_REQUIRED,cma_microarray,Microarreglo cromosómico (CMA / Microarray),GENETICA,"[""CMA"", ""Microarray""]","[""Microarray""]","[""Microarray""]","[""CMA""]",[],[],,[],"[""microarreglo"", ""cromosomico"", ""cma"", ""microarray""]",TOKEN_PREFIX_3;EXACT_APPROVED_ABBREVIATION,[],"[""cytogenomics""]",EXISTING_ALIAS_SCOPE_REVIEW,KEEP_CANONICAL_IDENTITY|REVIEW_EXISTING_ALIAS_SCOPE,"[""LIVE_CATALOG_2026-10-04"", ""FEATURED02_NAV_V1""]",Existing accepted alias is preserved; any narrower future scope requires Director review and compatibility handling.
AUDIT_ONLY|PROPOSED|DIRECTOR_REVIEW_REQUIRED,hereditary_cancer_germline,Panel de cáncer hereditario (multigénico),GENETICA,[],[],[],[],[],[],,[],"[""panel"", ""de"", ""cancer"", ""hereditario"", ""multigenico"", ""hereditary"", ""germline""]",TOKEN_PREFIX_3;EXACT_APPROVED_ABBREVIATION,[],"[""germline_genetics"", ""hereditary_oncology"", ""panels""]",MULTI_LEAF_NAVIGATION,KEEP_CANONICAL_IDENTITY|NO_EXTRA_TERM_PROPOSED,"[""LIVE_CATALOG_2026-10-04"", ""FEATURED02_NAV_V1""]",Multiple navigation leaves refer to one canonical key.
AUDIT_ONLY|PROPOSED|DIRECTOR_REVIEW_REQUIRED,karyotype,Cariotipo,GENETICA,[],[],[],[],[],[],,[],"[""cariotipo"", ""karyotype""]",TOKEN_PREFIX_3;EXACT_APPROVED_ABBREVIATION,[],"[""cytogenetics""]",LOW_CURRENT_TERM_ONLY,KEEP_CANONICAL_IDENTITY|NO_EXTRA_TERM_PROPOSED,"[""LIVE_CATALOG_2026-10-04"", ""FEATURED02_NAV_V1""]",Canonical display and current aliases audited; no unverified synonym inferred.
AUDIT_ONLY|PROPOSED|DIRECTOR_REVIEW_REQUIRED,lynch,Síndrome de Lynch (germinal),GENETICA,[],[],[],[],[],[],,[],"[""sindrome"", ""de"", ""lynch"", ""germinal""]",TOKEN_PREFIX_3;EXACT_APPROVED_ABBREVIATION,[],"[""germline_genetics"", ""hereditary_oncology""]",MULTI_LEAF_NAVIGATION,KEEP_CANONICAL_IDENTITY|NO_EXTRA_TERM_PROPOSED,"[""LIVE_CATALOG_2026-10-04"", ""FEATURED02_NAV_V1""]",Multiple navigation leaves refer to one canonical key.
AUDIT_ONLY|PROPOSED|DIRECTOR_REVIEW_REQUIRED,nipt,NIPT (tamiz prenatal no invasivo),GENETICA,"[""NIPT""]",[],[],"[""NIPT""]",[],[],,[],"[""nipt"", ""tamiz"", ""prenatal"", ""no"", ""invasivo""]",TOKEN_PREFIX_3;EXACT_APPROVED_ABBREVIATION,[],"[""prenatal_genetics""]",LOW_CURRENT_TERM_ONLY,KEEP_CANONICAL_IDENTITY|NO_EXTRA_TERM_PROPOSED,"[""LIVE_CATALOG_2026-10-04"", ""FEATURED02_NAV_V1""]",Canonical display and current aliases audited; no unverified synonym inferred.
AUDIT_ONLY|PROPOSED|DIRECTOR_REVIEW_REQUIRED,pgx,Panel farmacogenómico (PGx),GENETICA,"[""PGx""]",[],[],"[""PGx""]",[],[],,[],"[""panel"", ""farmacogenomico"", ""pgx""]",TOKEN_PREFIX_3;EXACT_APPROVED_ABBREVIATION,[],"[""pharmacogenomics"", ""panels""]",MULTI_LEAF_NAVIGATION,KEEP_CANONICAL_IDENTITY|NO_EXTRA_TERM_PROPOSED,"[""LIVE_CATALOG_2026-10-04"", ""FEATURED02_NAV_V1""]",Multiple navigation leaves refer to one canonical key.
AUDIT_ONLY|PROPOSED|DIRECTOR_REVIEW_REQUIRED,somatic_tumor_ngs,Panel tumoral (NGS) — somático,GENETICA,[],[],[],"[""NGS""]",[],[],,[],"[""panel"", ""tumoral"", ""ngs"", ""somatico"", ""somatic"", ""tumor""]",TOKEN_PREFIX_3;EXACT_APPROVED_ABBREVIATION,[],"[""molecular_oncology"", ""panels""]",MULTI_LEAF_NAVIGATION,KEEP_CANONICAL_IDENTITY|NO_EXTRA_TERM_PROPOSED,"[""LIVE_CATALOG_2026-10-04"", ""FEATURED02_NAV_V1""]",Multiple navigation leaves refer to one canonical key.
AUDIT_ONLY|PROPOSED|DIRECTOR_REVIEW_REQUIRED,thrombophilia,Panel de trombofilia (genético),GENETICA,[],[],[],[],[],[],,[],"[""panel"", ""de"", ""trombofilia"", ""genetico"", ""thrombophilia""]",TOKEN_PREFIX_3;EXACT_APPROVED_ABBREVIATION,[],"[""coagulation"", ""germline_genetics"", ""panels""]",MULTI_LEAF_NAVIGATION,KEEP_CANONICAL_IDENTITY|NO_EXTRA_TERM_PROPOSED,"[""LIVE_CATALOG_2026-10-04"", ""FEATURED02_NAV_V1""]",Multiple navigation leaves refer to one canonical key.
AUDIT_ONLY|PROPOSED|DIRECTOR_REVIEW_REQUIRED,wes,Exoma clínico (WES),GENETICA,"[""WES""]",[],[],"[""WES""]",[],[],,[],"[""exoma"", ""clinico"", ""wes""]",TOKEN_PREFIX_3;EXACT_APPROVED_ABBREVIATION,[],"[""genomic_sequencing""]",LOW_CURRENT_TERM_ONLY,KEEP_CANONICAL_IDENTITY|NO_EXTRA_TERM_PROPOSED,"[""LIVE_CATALOG_2026-10-04"", ""FEATURED02_NAV_V1""]",Canonical display and current aliases audited; no unverified synonym inferred.
AUDIT_ONLY|PROPOSED|DIRECTOR_REVIEW_REQUIRED,wgs,Genoma clínico (WGS),GENETICA,"[""WGS""]",[],[],"[""WGS""]",[],[],,[],"[""genoma"", ""clinico"", ""wgs""]",TOKEN_PREFIX_3;EXACT_APPROVED_ABBREVIATION,[],"[""genomic_sequencing""]",LOW_CURRENT_TERM_ONLY,KEEP_CANONICAL_IDENTITY|NO_EXTRA_TERM_PROPOSED,"[""LIVE_CATALOG_2026-10-04"", ""FEATURED02_NAV_V1""]",Canonical display and current aliases audited; no unverified synonym inferred.
AUDIT_ONLY|PROPOSED|DIRECTOR_REVIEW_REQUIRED,breast_us,US Mama,IMAGEN,[],[],[],"[""US Mama""]","[""Ecografía de mama""]","[""USG mama""]",Ultrasonido de mama,[],"[""us"", ""mama"", ""usg"", ""ecografia"", ""de"", ""ultrasonido"", ""breast""]",TOKEN_PREFIX_3;SCOPED_SHORT_MODALITY_QUERY,[],"[""breast_imaging""]",PROPOSED_TERM_REVIEW|COMMON_DISPLAY_PROPOSAL,KEEP_CANONICAL_IDENTITY|REVIEW_PROPOSED_EQUIVALENCE|REVIEW_SECONDARY_COMMON_DISPLAY,"[""LIVE_CATALOG_2026-10-04"", ""FEATURED02_NAV_V1"", ""ACR_US""]","Proposed search term requires Director clinical review; no catalog mutation. Secondary common display is proposed, not current UI."
AUDIT_ONLY|PROPOSED|DIRECTOR_REVIEW_REQUIRED,ct_abdomen_pelvis,TAC Abdomen y pelvis,IMAGEN,[],[],[],"[""TAC Abdomen y pelvis""]","[""TC de abdomen y pelvis""]","[""TC abdomen y pelvis"", ""CT abdomen y pelvis""]",Tomografía computarizada de abdomen y pelvis,[],"[""tac"", ""abdomen"", ""y"", ""pelvis"", ""tc"", ""ct"", ""de"", ""tomografia"", ""computarizada""]",TOKEN_PREFIX_3;SCOPED_SHORT_MODALITY_QUERY,[],"[""tomography""]",PROPOSED_TERM_REVIEW|COMMON_DISPLAY_PROPOSAL,KEEP_CANONICAL_IDENTITY|REVIEW_PROPOSED_EQUIVALENCE|REVIEW_SECONDARY_COMMON_DISPLAY,"[""LIVE_CATALOG_2026-10-04"", ""FEATURED02_NAV_V1"", ""ACR_CT""]","Proposed search term requires Director clinical review; no catalog mutation. Secondary common display is proposed, not current UI."
AUDIT_ONLY|PROPOSED|DIRECTOR_REVIEW_REQUIRED,ct_chest,TAC Tórax,IMAGEN,[],[],[],"[""TAC Tórax""]","[""TC de tórax""]","[""TC tórax"", ""CT tórax""]",Tomografía computarizada de tórax,[],"[""tac"", ""torax"", ""tc"", ""ct"", ""de"", ""tomografia"", ""computarizada"", ""chest""]",TOKEN_PREFIX_3;SCOPED_SHORT_MODALITY_QUERY,[],"[""tomography""]",PROPOSED_TERM_REVIEW|COMMON_DISPLAY_PROPOSAL,KEEP_CANONICAL_IDENTITY|REVIEW_PROPOSED_EQUIVALENCE|REVIEW_SECONDARY_COMMON_DISPLAY,"[""LIVE_CATALOG_2026-10-04"", ""FEATURED02_NAV_V1"", ""ACR_CT""]","Proposed search term requires Director clinical review; no catalog mutation. Secondary common display is proposed, not current UI."
AUDIT_ONLY|PROPOSED|DIRECTOR_REVIEW_REQUIRED,ct_head,TAC Cráneo,IMAGEN,[],[],[],"[""TAC Cráneo""]","[""TC de cráneo""]","[""TC cráneo"", ""CT cráneo""]",Tomografía computarizada de cráneo,[],"[""tac"", ""craneo"", ""tc"", ""ct"", ""de"", ""tomografia"", ""computarizada"", ""head""]",TOKEN_PREFIX_3;SCOPED_SHORT_MODALITY_QUERY,[],"[""tomography""]",PROPOSED_TERM_REVIEW|COMMON_DISPLAY_PROPOSAL,KEEP_CANONICAL_IDENTITY|REVIEW_PROPOSED_EQUIVALENCE|REVIEW_SECONDARY_COMMON_DISPLAY,"[""LIVE_CATALOG_2026-10-04"", ""FEATURED02_NAV_V1"", ""ACR_CT""]","Proposed search term requires Director clinical review; no catalog mutation. Secondary common display is proposed, not current UI."
AUDIT_ONLY|PROPOSED|DIRECTOR_REVIEW_REQUIRED,ct_uro,UroTAC (vías urinarias),IMAGEN,[],[],[],[],"[""TC de vías urinarias""]","[""TC vías urinarias"", ""CT vías urinarias"", ""TAC vías urinarias""]",Tomografía computarizada de vías urinarias,[],"[""urotac"", ""vias"", ""urinarias"", ""tc"", ""ct"", ""tac"", ""de"", ""tomografia"", ""computarizada"", ""uro""]",TOKEN_PREFIX_3;SCOPED_SHORT_MODALITY_QUERY,[],"[""tomography""]",PROPOSED_TERM_REVIEW|COMMON_DISPLAY_PROPOSAL,KEEP_CANONICAL_IDENTITY|REVIEW_PROPOSED_EQUIVALENCE|REVIEW_SECONDARY_COMMON_DISPLAY,"[""LIVE_CATALOG_2026-10-04"", ""FEATURED02_NAV_V1"", ""ACR_CT""]","Proposed search term requires Director clinical review; no catalog mutation. Secondary common display is proposed, not current UI."
AUDIT_ONLY|PROPOSED|DIRECTOR_REVIEW_REQUIRED,dental_cbct,Tomografía dental y maxilofacial de haz cónico,IMAGEN,"[""Cone Beam"", ""CBCT"", ""Tomografía Cone Beam"", ""Tomografía dental""]","[""Cone Beam"", ""Tomografía dental""]","[""Cone Beam"", ""Tomografía Cone Beam"", ""Tomografía dental""]","[""CBCT""]","[""Tomografía computarizada de haz cónico dental""]",[],Tomografía dental de haz cónico,[],"[""tomografia"", ""dental"", ""y"", ""maxilofacial"", ""de"", ""haz"", ""conico"", ""cbct"", ""cone"", ""beam"", ""computarizada""]",TOKEN_PREFIX_3;EXACT_APPROVED_ABBREVIATION,[],"[""dental-cbct""]",EXISTING_ALIAS_SCOPE_REVIEW|PROPOSED_TERM_REVIEW|COMMON_DISPLAY_PROPOSAL,KEEP_CANONICAL_IDENTITY|REVIEW_EXISTING_ALIAS_SCOPE|REVIEW_PROPOSED_EQUIVALENCE|REVIEW_SECONDARY_COMMON_DISPLAY,"[""LIVE_CATALOG_2026-10-04"", ""FEATURED02_NAV_V1"", ""ACR_DENTAL_CBCT""]","Existing accepted alias is preserved; any narrower future scope requires Director review and compatibility handling. Cone beam dental is not conventional CT; preserve dental scope. Proposed search term requires Director clinical review; no catalog mutation. Secondary common display is proposed, not current UI."
AUDIT_ONLY|PROPOSED|DIRECTOR_REVIEW_REQUIRED,dental_cephalometric_xray,Radiografía cefalométrica lateral,IMAGEN,"[""Rx lateral"", ""Lateral de cráneo"", ""Radiografía lateral de cráneo""]",[],"[""Rx lateral"", ""Lateral de cráneo"", ""Radiografía lateral de cráneo""]",[],[],[],,[],"[""radiografia"", ""cefalometrica"", ""lateral"", ""rx"", ""de"", ""craneo"", ""dental"", ""cephalometric"", ""xray""]",TOKEN_PREFIX_3;EXACT_APPROVED_ABBREVIATION,[],"[""dental-radiology"", ""dental-records""]",MULTI_LEAF_NAVIGATION,KEEP_CANONICAL_IDENTITY|NO_EXTRA_TERM_PROPOSED,"[""LIVE_CATALOG_2026-10-04"", ""FEATURED02_NAV_V1""]",Multiple navigation leaves refer to one canonical key.
AUDIT_ONLY|PROPOSED|DIRECTOR_REVIEW_REQUIRED,dental_panoramic_xray,Radiografía panorámica dental,IMAGEN,"[""Ortopantomografía"", ""Rx panorámica"", ""Panorámica dental""]",[],"[""Ortopantomografía"", ""Rx panorámica"", ""Panorámica dental""]",[],[],"[""OPG""]",Radiografía panorámica dental,[],"[""radiografia"", ""panoramica"", ""dental"", ""opg"", ""ortopantomografia"", ""rx"", ""panoramic"", ""xray""]",TOKEN_PREFIX_3;EXACT_APPROVED_ABBREVIATION,[],"[""dental-radiology"", ""dental-records""]",MULTI_LEAF_NAVIGATION|PROPOSED_TERM_REVIEW|COMMON_DISPLAY_PROPOSAL,KEEP_CANONICAL_IDENTITY|REVIEW_PROPOSED_EQUIVALENCE|REVIEW_SECONDARY_COMMON_DISPLAY,"[""LIVE_CATALOG_2026-10-04"", ""FEATURED02_NAV_V1"", ""ACR_PANORAMIC"", ""NIH_ORTHOPAN""]","Multiple navigation leaves refer to one canonical key. Panoramic radiography is not CBCT or cephalometric imaging. Proposed search term requires Director clinical review; no catalog mutation. Secondary common display is proposed, not current UI."
AUDIT_ONLY|PROPOSED|DIRECTOR_REVIEW_REQUIRED,dexa,Densitometría ósea (DEXA),IMAGEN,[],[],[],"[""DEXA""]",[],[],,[],"[""densitometria"", ""osea"", ""dexa""]",TOKEN_PREFIX_3;EXACT_APPROVED_ABBREVIATION,[],"[""densitometry""]",LOW_CURRENT_TERM_ONLY,KEEP_CANONICAL_IDENTITY|NO_EXTRA_TERM_PROPOSED,"[""LIVE_CATALOG_2026-10-04"", ""FEATURED02_NAV_V1""]",Canonical display and current aliases audited; no unverified synonym inferred.
AUDIT_ONLY|PROPOSED|DIRECTOR_REVIEW_REQUIRED,fluoro_barium_enema,Enema baritado,IMAGEN,[],[],[],[],[],[],,[],"[""enema"", ""baritado"", ""fluoro"", ""barium""]",TOKEN_PREFIX_3;EXACT_APPROVED_ABBREVIATION,[],"[""radiography""]",LOW_CURRENT_TERM_ONLY,KEEP_CANONICAL_IDENTITY|NO_EXTRA_TERM_PROPOSED,"[""LIVE_CATALOG_2026-10-04"", ""FEATURED02_NAV_V1""]",Canonical display and current aliases audited; no unverified synonym inferred.
AUDIT_ONLY|PROPOSED|DIRECTOR_REVIEW_REQUIRED,fluoro_hsg,Histerosalpingografía (HSG),IMAGEN,[],[],[],"[""HSG""]",[],[],,[],"[""histerosalpingografia"", ""hsg"", ""fluoro""]",TOKEN_PREFIX_3;EXACT_APPROVED_ABBREVIATION,[],"[""radiography""]",LOW_CURRENT_TERM_ONLY,KEEP_CANONICAL_IDENTITY|NO_EXTRA_TERM_PROPOSED,"[""LIVE_CATALOG_2026-10-04"", ""FEATURED02_NAV_V1""]",Canonical display and current aliases audited; no unverified synonym inferred.
AUDIT_ONLY|PROPOSED|DIRECTOR_REVIEW_REQUIRED,fluoro_ugi,Tránsito esófago-gastro-duodenal (UGI),IMAGEN,[],[],[],"[""UGI""]",[],[],,[],"[""transito"", ""esofago"", ""gastro"", ""duodenal"", ""ugi"", ""fluoro""]",TOKEN_PREFIX_3;EXACT_APPROVED_ABBREVIATION,[],"[""radiography""]",LOW_CURRENT_TERM_ONLY,KEEP_CANONICAL_IDENTITY|NO_EXTRA_TERM_PROPOSED,"[""LIVE_CATALOG_2026-10-04"", ""FEATURED02_NAV_V1""]",Canonical display and current aliases audited; no unverified synonym inferred.
AUDIT_ONLY|PROPOSED|DIRECTOR_REVIEW_REQUIRED,fluoro_vcug,Cistouretrografía miccional (VCUG),IMAGEN,[],[],[],"[""VCUG""]",[],[],,[],"[""cistouretrografia"", ""miccional"", ""vcug"", ""fluoro""]",TOKEN_PREFIX_3;EXACT_APPROVED_ABBREVIATION,[],"[""radiography""]",LOW_CURRENT_TERM_ONLY,KEEP_CANONICAL_IDENTITY|NO_EXTRA_TERM_PROPOSED,"[""LIVE_CATALOG_2026-10-04"", ""FEATURED02_NAV_V1""]",Canonical display and current aliases audited; no unverified synonym inferred.
AUDIT_ONLY|PROPOSED|DIRECTOR_REVIEW_REQUIRED,mammo,Mamografía,IMAGEN,[],[],[],[],[],[],,[],"[""mamografia"", ""mammo""]",TOKEN_PREFIX_3;EXACT_APPROVED_ABBREVIATION,[],"[""breast_imaging""]",LOW_CURRENT_TERM_ONLY,KEEP_CANONICAL_IDENTITY|NO_EXTRA_TERM_PROPOSED,"[""LIVE_CATALOG_2026-10-04"", ""FEATURED02_NAV_V1""]",Canonical display and current aliases audited; no unverified synonym inferred.
AUDIT_ONLY|PROPOSED|DIRECTOR_REVIEW_REQUIRED,mr_abdomen,RM Abdomen,IMAGEN,[],[],[],"[""RM Abdomen""]","[""RMN de abdomen""]","[""RMN abdomen"", ""MRI abdomen""]",Resonancia magnética de abdomen,[],"[""rm"", ""abdomen"", ""rmn"", ""mri"", ""de"", ""resonancia"", ""magnetica"", ""mr""]",TOKEN_PREFIX_3;SCOPED_SHORT_MODALITY_QUERY,[],"[""magnetic_resonance""]",PROPOSED_TERM_REVIEW|COMMON_DISPLAY_PROPOSAL,KEEP_CANONICAL_IDENTITY|REVIEW_PROPOSED_EQUIVALENCE|REVIEW_SECONDARY_COMMON_DISPLAY,"[""LIVE_CATALOG_2026-10-04"", ""FEATURED02_NAV_V1"", ""ACR_MR""]","Proposed search term requires Director clinical review; no catalog mutation. Secondary common display is proposed, not current UI."
AUDIT_ONLY|PROPOSED|DIRECTOR_REVIEW_REQUIRED,mr_brain,RM Cerebro,IMAGEN,[],[],[],"[""RM Cerebro""]","[""RMN de cerebro""]","[""RMN cerebro"", ""MRI cerebro""]",Resonancia magnética de cerebro,[],"[""rm"", ""cerebro"", ""rmn"", ""mri"", ""de"", ""resonancia"", ""magnetica"", ""mr"", ""brain""]",TOKEN_PREFIX_3;SCOPED_SHORT_MODALITY_QUERY,[],"[""magnetic_resonance""]",PROPOSED_TERM_REVIEW|COMMON_DISPLAY_PROPOSAL,KEEP_CANONICAL_IDENTITY|REVIEW_PROPOSED_EQUIVALENCE|REVIEW_SECONDARY_COMMON_DISPLAY,"[""LIVE_CATALOG_2026-10-04"", ""FEATURED02_NAV_V1"", ""ACR_MR""]","Proposed search term requires Director clinical review; no catalog mutation. Secondary common display is proposed, not current UI."
AUDIT_ONLY|PROPOSED|DIRECTOR_REVIEW_REQUIRED,mr_knee,RM Rodilla,IMAGEN,[],[],[],"[""RM Rodilla""]","[""RMN de rodilla""]","[""RMN rodilla"", ""MRI rodilla""]",Resonancia magnética de rodilla,[],"[""rm"", ""rodilla"", ""rmn"", ""mri"", ""de"", ""resonancia"", ""magnetica"", ""mr"", ""knee""]",TOKEN_PREFIX_3;SCOPED_SHORT_MODALITY_QUERY,[],"[""magnetic_resonance""]",PROPOSED_TERM_REVIEW|COMMON_DISPLAY_PROPOSAL,KEEP_CANONICAL_IDENTITY|REVIEW_PROPOSED_EQUIVALENCE|REVIEW_SECONDARY_COMMON_DISPLAY,"[""LIVE_CATALOG_2026-10-04"", ""FEATURED02_NAV_V1"", ""ACR_MR""]","Proposed search term requires Director clinical review; no catalog mutation. Secondary common display is proposed, not current UI."
AUDIT_ONLY|PROPOSED|DIRECTOR_REVIEW_REQUIRED,mr_shoulder,RM Hombro,IMAGEN,[],[],[],"[""RM Hombro""]","[""RMN de hombro""]","[""RMN hombro"", ""MRI hombro""]",Resonancia magnética de hombro,[],"[""rm"", ""hombro"", ""rmn"", ""mri"", ""de"", ""resonancia"", ""magnetica"", ""mr"", ""shoulder""]",TOKEN_PREFIX_3;SCOPED_SHORT_MODALITY_QUERY,[],"[""magnetic_resonance""]",PROPOSED_TERM_REVIEW|COMMON_DISPLAY_PROPOSAL,KEEP_CANONICAL_IDENTITY|REVIEW_PROPOSED_EQUIVALENCE|REVIEW_SECONDARY_COMMON_DISPLAY,"[""LIVE_CATALOG_2026-10-04"", ""FEATURED02_NAV_V1"", ""ACR_MR""]","Proposed search term requires Director clinical review; no catalog mutation. Secondary common display is proposed, not current UI."
AUDIT_ONLY|PROPOSED|DIRECTOR_REVIEW_REQUIRED,nm_bone_scan,Gammagrama óseo,IMAGEN,[],[],[],[],[],[],,[],"[""gammagrama"", ""oseo"", ""nm"", ""bone"", ""scan""]",TOKEN_PREFIX_3;EXACT_APPROVED_ABBREVIATION,[],"[""nuclear""]",LOW_CURRENT_TERM_ONLY,KEEP_CANONICAL_IDENTITY|NO_EXTRA_TERM_PROPOSED,"[""LIVE_CATALOG_2026-10-04"", ""FEATURED02_NAV_V1""]",Canonical display and current aliases audited; no unverified synonym inferred.
AUDIT_ONLY|PROPOSED|DIRECTOR_REVIEW_REQUIRED,nm_thyroid_uptake,Captación tiroidea,IMAGEN,[],[],[],[],[],[],,[],"[""captacion"", ""tiroidea"", ""nm"", ""thyroid"", ""uptake""]",TOKEN_PREFIX_3;EXACT_APPROVED_ABBREVIATION,[],"[""nuclear""]",LOW_CURRENT_TERM_ONLY,KEEP_CANONICAL_IDENTITY|NO_EXTRA_TERM_PROPOSED,"[""LIVE_CATALOG_2026-10-04"", ""FEATURED02_NAV_V1""]",Canonical display and current aliases audited; no unverified synonym inferred.
AUDIT_ONLY|PROPOSED|DIRECTOR_REVIEW_REQUIRED,pet_ct,PET-CT,IMAGEN,[],[],[],"[""PET-CT""]",[],[],,[],"[""pet"", ""ct""]",TOKEN_PREFIX_3;EXACT_APPROVED_ABBREVIATION,[],"[""nuclear""]",LOW_CURRENT_TERM_ONLY,KEEP_CANONICAL_IDENTITY|NO_EXTRA_TERM_PROPOSED,"[""LIVE_CATALOG_2026-10-04"", ""FEATURED02_NAV_V1""]",Canonical display and current aliases audited; no unverified synonym inferred.
AUDIT_ONLY|PROPOSED|DIRECTOR_REVIEW_REQUIRED,rx_abdomen,RX Abdomen,IMAGEN,[],[],[],"[""RX Abdomen""]",[],[],,[],"[""rx"", ""abdomen""]",TOKEN_PREFIX_3;SCOPED_SHORT_MODALITY_QUERY,[],"[""radiography""]",LOW_CURRENT_TERM_ONLY,KEEP_CANONICAL_IDENTITY|NO_EXTRA_TERM_PROPOSED,"[""LIVE_CATALOG_2026-10-04"", ""FEATURED02_NAV_V1""]",Canonical display and current aliases audited; no unverified synonym inferred.
AUDIT_ONLY|PROPOSED|DIRECTOR_REVIEW_REQUIRED,rx_ankle,RX Tobillo,IMAGEN,[],[],[],"[""RX Tobillo""]",[],[],,[],"[""rx"", ""tobillo"", ""ankle""]",TOKEN_PREFIX_3;SCOPED_SHORT_MODALITY_QUERY,[],"[""radiography""]",LOW_CURRENT_TERM_ONLY,KEEP_CANONICAL_IDENTITY|NO_EXTRA_TERM_PROPOSED,"[""LIVE_CATALOG_2026-10-04"", ""FEATURED02_NAV_V1""]",Canonical display and current aliases audited; no unverified synonym inferred.
AUDIT_ONLY|PROPOSED|DIRECTOR_REVIEW_REQUIRED,rx_chest,RX Tórax,IMAGEN,[],[],[],"[""RX Tórax""]",[],[],,[],"[""rx"", ""torax"", ""chest""]",TOKEN_PREFIX_3;SCOPED_SHORT_MODALITY_QUERY,[],"[""radiography""]",LOW_CURRENT_TERM_ONLY,KEEP_CANONICAL_IDENTITY|NO_EXTRA_TERM_PROPOSED,"[""LIVE_CATALOG_2026-10-04"", ""FEATURED02_NAV_V1""]",Canonical display and current aliases audited; no unverified synonym inferred.
AUDIT_ONLY|PROPOSED|DIRECTOR_REVIEW_REQUIRED,rx_cspine,RX Columna cervical,IMAGEN,[],[],[],"[""RX Columna cervical""]",[],[],,[],"[""rx"", ""columna"", ""cervical"", ""cspine""]",TOKEN_PREFIX_3;SCOPED_SHORT_MODALITY_QUERY,[],"[""radiography""]",LOW_CURRENT_TERM_ONLY,KEEP_CANONICAL_IDENTITY|NO_EXTRA_TERM_PROPOSED,"[""LIVE_CATALOG_2026-10-04"", ""FEATURED02_NAV_V1""]",Canonical display and current aliases audited; no unverified synonym inferred.
AUDIT_ONLY|PROPOSED|DIRECTOR_REVIEW_REQUIRED,rx_hand,RX Mano,IMAGEN,[],[],[],"[""RX Mano""]",[],[],,[],"[""rx"", ""mano"", ""hand""]",TOKEN_PREFIX_3;SCOPED_SHORT_MODALITY_QUERY,[],"[""radiography""]",LOW_CURRENT_TERM_ONLY,KEEP_CANONICAL_IDENTITY|NO_EXTRA_TERM_PROPOSED,"[""LIVE_CATALOG_2026-10-04"", ""FEATURED02_NAV_V1""]",Canonical display and current aliases audited; no unverified synonym inferred.
AUDIT_ONLY|PROPOSED|DIRECTOR_REVIEW_REQUIRED,rx_knee,RX Rodilla,IMAGEN,[],[],[],"[""RX Rodilla""]",[],[],,[],"[""rx"", ""rodilla"", ""knee""]",TOKEN_PREFIX_3;SCOPED_SHORT_MODALITY_QUERY,[],"[""radiography""]",LOW_CURRENT_TERM_ONLY,KEEP_CANONICAL_IDENTITY|NO_EXTRA_TERM_PROPOSED,"[""LIVE_CATALOG_2026-10-04"", ""FEATURED02_NAV_V1""]",Canonical display and current aliases audited; no unverified synonym inferred.
AUDIT_ONLY|PROPOSED|DIRECTOR_REVIEW_REQUIRED,rx_lspine,RX Columna lumbar,IMAGEN,[],[],[],"[""RX Columna lumbar""]",[],[],,[],"[""rx"", ""columna"", ""lumbar"", ""lspine""]",TOKEN_PREFIX_3;SCOPED_SHORT_MODALITY_QUERY,[],"[""radiography""]",LOW_CURRENT_TERM_ONLY,KEEP_CANONICAL_IDENTITY|NO_EXTRA_TERM_PROPOSED,"[""LIVE_CATALOG_2026-10-04"", ""FEATURED02_NAV_V1""]",Canonical display and current aliases audited; no unverified synonym inferred.
AUDIT_ONLY|PROPOSED|DIRECTOR_REVIEW_REQUIRED,rx_pelvis,RX Pelvis,IMAGEN,[],[],[],"[""RX Pelvis""]",[],[],,[],"[""rx"", ""pelvis""]",TOKEN_PREFIX_3;SCOPED_SHORT_MODALITY_QUERY,[],"[""radiography""]",LOW_CURRENT_TERM_ONLY,KEEP_CANONICAL_IDENTITY|NO_EXTRA_TERM_PROPOSED,"[""LIVE_CATALOG_2026-10-04"", ""FEATURED02_NAV_V1""]",Canonical display and current aliases audited; no unverified synonym inferred.
AUDIT_ONLY|PROPOSED|DIRECTOR_REVIEW_REQUIRED,rx_shoulder,RX Hombro,IMAGEN,[],[],[],"[""RX Hombro""]",[],[],,[],"[""rx"", ""hombro"", ""shoulder""]",TOKEN_PREFIX_3;SCOPED_SHORT_MODALITY_QUERY,[],"[""radiography""]",LOW_CURRENT_TERM_ONLY,KEEP_CANONICAL_IDENTITY|NO_EXTRA_TERM_PROPOSED,"[""LIVE_CATALOG_2026-10-04"", ""FEATURED02_NAV_V1""]",Canonical display and current aliases audited; no unverified synonym inferred.
AUDIT_ONLY|PROPOSED|DIRECTOR_REVIEW_REQUIRED,tmj_comparative_xray,Radiografía comparativa de articulaciones temporomandibulares,IMAGEN,"[""Rx ATM"", ""ATM comparativa"", ""Radiografía ATM""]",[],"[""Rx ATM"", ""ATM comparativa"", ""Radiografía ATM""]",[],[],[],,[],"[""radiografia"", ""comparativa"", ""de"", ""articulaciones"", ""temporomandibulares"", ""rx"", ""atm"", ""tmj"", ""comparative"", ""xray""]",TOKEN_PREFIX_3;EXACT_APPROVED_ABBREVIATION,[],"[""dental-radiology""]",LOW_CURRENT_TERM_ONLY,KEEP_CANONICAL_IDENTITY|NO_EXTRA_TERM_PROPOSED,"[""LIVE_CATALOG_2026-10-04"", ""FEATURED02_NAV_V1""]",Canonical display and current aliases audited; no unverified synonym inferred.
AUDIT_ONLY|PROPOSED|DIRECTOR_REVIEW_REQUIRED,us_abdomen,US Abdomen,IMAGEN,[],[],[],"[""US Abdomen""]","[""Ecografía de abdomen""]","[""USG abdomen""]",Ultrasonido de abdomen,[],"[""us"", ""abdomen"", ""usg"", ""ecografia"", ""de"", ""ultrasonido""]",TOKEN_PREFIX_3;SCOPED_SHORT_MODALITY_QUERY,[],"[""ultrasound_general""]",PROPOSED_TERM_REVIEW|COMMON_DISPLAY_PROPOSAL,KEEP_CANONICAL_IDENTITY|REVIEW_PROPOSED_EQUIVALENCE|REVIEW_SECONDARY_COMMON_DISPLAY,"[""LIVE_CATALOG_2026-10-04"", ""FEATURED02_NAV_V1"", ""ACR_US""]","Proposed search term requires Director clinical review; no catalog mutation. Secondary common display is proposed, not current UI."
AUDIT_ONLY|PROPOSED|DIRECTOR_REVIEW_REQUIRED,us_obstetric_study,US Obstétrico,IMAGEN,[],[],[],"[""US Obstétrico""]","[""Ecografía obstétrica""]","[""USG obstétrico""]",Ultrasonido obstétrico,[],"[""us"", ""obstetrico"", ""usg"", ""ecografia"", ""obstetrica"", ""ultrasonido"", ""obstetric"", ""study""]",TOKEN_PREFIX_3;SCOPED_SHORT_MODALITY_QUERY,[],"[""ultrasound_obgyn""]",PROPOSED_TERM_REVIEW|COMMON_DISPLAY_PROPOSAL,KEEP_CANONICAL_IDENTITY|REVIEW_PROPOSED_EQUIVALENCE|REVIEW_SECONDARY_COMMON_DISPLAY,"[""LIVE_CATALOG_2026-10-04"", ""FEATURED02_NAV_V1"", ""ACR_US""]","Proposed search term requires Director clinical review; no catalog mutation. Secondary common display is proposed, not current UI."
AUDIT_ONLY|PROPOSED|DIRECTOR_REVIEW_REQUIRED,us_pelvic,US Pélvico,IMAGEN,[],[],[],"[""US Pélvico""]","[""Ecografía de pelvis""]","[""USG pelvis""]",Ultrasonido de pelvis,[],"[""us"", ""pelvico"", ""usg"", ""pelvis"", ""ecografia"", ""de"", ""ultrasonido"", ""pelvic""]",TOKEN_PREFIX_3;SCOPED_SHORT_MODALITY_QUERY,[],"[""ultrasound_obgyn""]",PROPOSED_TERM_REVIEW|COMMON_DISPLAY_PROPOSAL,KEEP_CANONICAL_IDENTITY|REVIEW_PROPOSED_EQUIVALENCE|REVIEW_SECONDARY_COMMON_DISPLAY,"[""LIVE_CATALOG_2026-10-04"", ""FEATURED02_NAV_V1"", ""ACR_US""]","Proposed search term requires Director clinical review; no catalog mutation. Secondary common display is proposed, not current UI."
AUDIT_ONLY|PROPOSED|DIRECTOR_REVIEW_REQUIRED,us_renal,US Renal,IMAGEN,[],[],[],"[""US Renal""]","[""Ecografía de riñones""]","[""USG riñones""]",Ultrasonido de riñones,[],"[""us"", ""renal"", ""usg"", ""rinones"", ""ecografia"", ""de"", ""ultrasonido""]",TOKEN_PREFIX_3;SCOPED_SHORT_MODALITY_QUERY,[],"[""ultrasound_general""]",PROPOSED_TERM_REVIEW|COMMON_DISPLAY_PROPOSAL,KEEP_CANONICAL_IDENTITY|REVIEW_PROPOSED_EQUIVALENCE|REVIEW_SECONDARY_COMMON_DISPLAY,"[""LIVE_CATALOG_2026-10-04"", ""FEATURED02_NAV_V1"", ""ACR_US""]","Proposed search term requires Director clinical review; no catalog mutation. Secondary common display is proposed, not current UI."
AUDIT_ONLY|PROPOSED|DIRECTOR_REVIEW_REQUIRED,us_soft_tissue,US Partes blandas,IMAGEN,[],[],[],"[""US Partes blandas""]","[""Ecografía de partes blandas""]","[""USG partes blandas""]",Ultrasonido de partes blandas,[],"[""us"", ""partes"", ""blandas"", ""usg"", ""ecografia"", ""de"", ""ultrasonido"", ""soft"", ""tissue""]",TOKEN_PREFIX_3;SCOPED_SHORT_MODALITY_QUERY,[],"[""ultrasound_general""]",PROPOSED_TERM_REVIEW|COMMON_DISPLAY_PROPOSAL,KEEP_CANONICAL_IDENTITY|REVIEW_PROPOSED_EQUIVALENCE|REVIEW_SECONDARY_COMMON_DISPLAY,"[""LIVE_CATALOG_2026-10-04"", ""FEATURED02_NAV_V1"", ""ACR_US""]","Proposed search term requires Director clinical review; no catalog mutation. Secondary common display is proposed, not current UI."
AUDIT_ONLY|PROPOSED|DIRECTOR_REVIEW_REQUIRED,us_testicular,US Testicular,IMAGEN,[],[],[],"[""US Testicular""]","[""Ecografía de testículo""]","[""USG testículo""]",Ultrasonido de testículo,[],"[""us"", ""testicular"", ""usg"", ""testiculo"", ""ecografia"", ""de"", ""ultrasonido""]",TOKEN_PREFIX_3;SCOPED_SHORT_MODALITY_QUERY,[],"[""ultrasound_general""]",PROPOSED_TERM_REVIEW|COMMON_DISPLAY_PROPOSAL,KEEP_CANONICAL_IDENTITY|REVIEW_PROPOSED_EQUIVALENCE|REVIEW_SECONDARY_COMMON_DISPLAY,"[""LIVE_CATALOG_2026-10-04"", ""FEATURED02_NAV_V1"", ""ACR_US""]","Proposed search term requires Director clinical review; no catalog mutation. Secondary common display is proposed, not current UI."
AUDIT_ONLY|PROPOSED|DIRECTOR_REVIEW_REQUIRED,us_thyroid,US Tiroides,IMAGEN,[],[],[],"[""US Tiroides""]","[""Ecografía de tiroides""]","[""USG tiroides""]",Ultrasonido de tiroides,[],"[""us"", ""tiroides"", ""usg"", ""ecografia"", ""de"", ""ultrasonido"", ""thyroid""]",TOKEN_PREFIX_3;SCOPED_SHORT_MODALITY_QUERY,[],"[""ultrasound_general""]",PROPOSED_TERM_REVIEW|COMMON_DISPLAY_PROPOSAL,KEEP_CANONICAL_IDENTITY|REVIEW_PROPOSED_EQUIVALENCE|REVIEW_SECONDARY_COMMON_DISPLAY,"[""LIVE_CATALOG_2026-10-04"", ""FEATURED02_NAV_V1"", ""ACR_US""]","Proposed search term requires Director clinical review; no catalog mutation. Secondary common display is proposed, not current UI."
AUDIT_ONLY|PROPOSED|DIRECTOR_REVIEW_REQUIRED,acth_plasma,Hormona adrenocorticotropa plasmática,LABORATORIO,"[""ACTH"", ""Corticotropina plasmática""]",[],"[""Corticotropina plasmática""]","[""ACTH""]",[],[],,[],"[""hormona"", ""adrenocorticotropa"", ""plasmatica"", ""acth"", ""corticotropina"", ""plasma""]",TOKEN_PREFIX_3;EXACT_APPROVED_ABBREVIATION,[],"[""endocrine""]",LOW_CURRENT_TERM_ONLY,KEEP_CANONICAL_IDENTITY|NO_EXTRA_TERM_PROPOSED,"[""LIVE_CATALOG_2026-10-04"", ""FEATURED02_NAV_V1""]",Canonical display and current aliases audited; no unverified synonym inferred.
AUDIT_ONLY|PROPOSED|DIRECTOR_REVIEW_REQUIRED,afp_serum,Alfa-fetoproteína sérica,LABORATORIO,"[""AFP"", ""Alfa fetoproteína""]","[""AFP""]","[""Alfa fetoproteína""]","[""AFP""]",[],[],,[],"[""alfa"", ""fetoproteina"", ""serica"", ""afp"", ""serum""]",TOKEN_PREFIX_3;EXACT_APPROVED_ABBREVIATION,[],"[""tumor""]",EXISTING_ALIAS_SCOPE_REVIEW,KEEP_CANONICAL_IDENTITY|REVIEW_EXISTING_ALIAS_SCOPE,"[""LIVE_CATALOG_2026-10-04"", ""FEATURED02_NAV_V1""]",Existing accepted alias is preserved; any narrower future scope requires Director review and compatibility handling.
AUDIT_ONLY|PROPOSED|DIRECTOR_REVIEW_REQUIRED,albumin,Albúmina,LABORATORIO,[],[],[],[],[],[],,[],"[""albumina"", ""albumin""]",TOKEN_PREFIX_3;EXACT_APPROVED_ABBREVIATION,[],"[""chemistry""]",LOW_CURRENT_TERM_ONLY,KEEP_CANONICAL_IDENTITY|NO_EXTRA_TERM_PROPOSED,"[""LIVE_CATALOG_2026-10-04"", ""FEATURED02_NAV_V1""]",Canonical display and current aliases audited; no unverified synonym inferred.
AUDIT_ONLY|PROPOSED|DIRECTOR_REVIEW_REQUIRED,alp,Fosfatasa alcalina (ALP),LABORATORIO,"[""Fosfatasa alcalina""]",[],"[""Fosfatasa alcalina""]","[""ALP""]",[],[],Fosfatasa alcalina,[],"[""fosfatasa"", ""alcalina"", ""alp""]",TOKEN_PREFIX_3;EXACT_APPROVED_ABBREVIATION,[],"[""chemistry""]",COMMON_DISPLAY_PROPOSAL,KEEP_CANONICAL_IDENTITY|REVIEW_SECONDARY_COMMON_DISPLAY,"[""LIVE_CATALOG_2026-10-04"", ""FEATURED02_NAV_V1"", ""NIH_LIVER""]","Secondary common display is proposed, not current UI."
AUDIT_ONLY|PROPOSED|DIRECTOR_REVIEW_REQUIRED,alt,ALT (TGP),LABORATORIO,"[""Alanino aminotransferasa""]",[],"[""Alanino aminotransferasa""]","[""ALT"", ""TGP""]",[],[],Alanina aminotransferasa,[],"[""alt"", ""tgp"", ""alanino"", ""aminotransferasa"", ""alanina""]",TOKEN_PREFIX_3;EXACT_APPROVED_ABBREVIATION,[],"[""chemistry""]",COMMON_DISPLAY_PROPOSAL,KEEP_CANONICAL_IDENTITY|REVIEW_SECONDARY_COMMON_DISPLAY,"[""LIVE_CATALOG_2026-10-04"", ""FEATURED02_NAV_V1"", ""NIH_LIVER""]","Secondary common display is proposed, not current UI."
AUDIT_ONLY|PROPOSED|DIRECTOR_REVIEW_REQUIRED,amylase,Amilasa,LABORATORIO,[],[],[],[],[],[],,[],"[""amilasa"", ""amylase""]",TOKEN_PREFIX_3;EXACT_APPROVED_ABBREVIATION,[],"[""chemistry""]",LOW_CURRENT_TERM_ONLY,KEEP_CANONICAL_IDENTITY|NO_EXTRA_TERM_PROPOSED,"[""LIVE_CATALOG_2026-10-04"", ""FEATURED02_NAV_V1""]",Canonical display and current aliases audited; no unverified synonym inferred.
AUDIT_ONLY|PROPOSED|DIRECTOR_REVIEW_REQUIRED,ana,ANA,LABORATORIO,[],[],[],"[""ANA""]",[],[],Anticuerpos antinucleares,[],"[""ana"", ""anticuerpos"", ""antinucleares""]",TOKEN_PREFIX_3;EXACT_APPROVED_ABBREVIATION,"[""ant""]","[""autoimmunity""]",PREFIX_AMBIGUITY|COMMON_DISPLAY_PROPOSAL,KEEP_CANONICAL_IDENTITY|REVIEW_SECONDARY_COMMON_DISPLAY|REQUIRE_DISAMBIGUATION,"[""LIVE_CATALOG_2026-10-04"", ""FEATURED02_NAV_V1"", ""NIH_ANA""]","Secondary common display is proposed, not current UI."
AUDIT_ONLY|PROPOSED|DIRECTOR_REVIEW_REQUIRED,anca,ANCA,LABORATORIO,[],[],[],"[""ANCA""]",[],[],Anticuerpos anticitoplasma de neutrófilos,[],"[""anca"", ""anticuerpos"", ""anticitoplasma"", ""de"", ""neutrofilos""]",TOKEN_PREFIX_3;EXACT_APPROVED_ABBREVIATION,"[""ant""]","[""autoimmunity""]",PREFIX_AMBIGUITY|COMMON_DISPLAY_PROPOSAL,KEEP_CANONICAL_IDENTITY|REVIEW_SECONDARY_COMMON_DISPLAY|REQUIRE_DISAMBIGUATION,"[""LIVE_CATALOG_2026-10-04"", ""FEATURED02_NAV_V1"", ""NIH_ANCA""]","Secondary common display is proposed, not current UI."
AUDIT_ONLY|PROPOSED|DIRECTOR_REVIEW_REQUIRED,anti_ccp,Anti-CCP,LABORATORIO,"[""Acs. anti-péptido cíclicos citrulinados"", ""Anticuerpos anti-CCP""]",[],"[""Acs. anti-péptido cíclicos citrulinados"", ""Anticuerpos anti-CCP""]",[],[],"[""anti-CCP""]",Anticuerpos antipéptido citrulinado cíclico,[],"[""anti"", ""ccp"", ""acs"", ""peptido"", ""ciclicos"", ""citrulinados"", ""anticuerpos"", ""antipeptido"", ""citrulinado"", ""ciclico""]",TOKEN_PREFIX_3;EXPLICIT_SHORT_RULES,"[""ant""]","[""autoimmunity""]",PREFIX_AMBIGUITY|PROPOSED_TERM_REVIEW|COMMON_DISPLAY_PROPOSAL,KEEP_CANONICAL_IDENTITY|REVIEW_PROPOSED_EQUIVALENCE|REVIEW_SECONDARY_COMMON_DISPLAY|REQUIRE_DISAMBIGUATION,"[""LIVE_CATALOG_2026-10-04"", ""FEATURED02_NAV_V1""]","Proposed search term requires Director clinical review; no catalog mutation. Secondary common display is proposed, not current UI."
AUDIT_ONLY|PROPOSED|DIRECTOR_REVIEW_REQUIRED,anti_ds_dna,Anticuerpos anti-DNA de doble cadena,LABORATORIO,"[""anti-dsDNA"", ""anti-DNA nativo""]",[],"[""anti-DNA nativo""]","[""anti-dsDNA""]",[],[],,[],"[""anticuerpos"", ""anti"", ""dna"", ""de"", ""doble"", ""cadena"", ""dsdna"", ""nativo"", ""ds""]",TOKEN_PREFIX_3;EXACT_APPROVED_ABBREVIATION,"[""ant""]","[""autoimmunity""]",PREFIX_AMBIGUITY,KEEP_CANONICAL_IDENTITY|REQUIRE_DISAMBIGUATION,"[""LIVE_CATALOG_2026-10-04"", ""FEATURED02_NAV_V1""]",Canonical display and current aliases audited; no unverified synonym inferred.
AUDIT_ONLY|PROPOSED|DIRECTOR_REVIEW_REQUIRED,anti_hbc,Anti-HBc,LABORATORIO,[],[],[],[],[],[],,[],"[""anti"", ""hbc""]",TOKEN_PREFIX_3;EXACT_APPROVED_ABBREVIATION,"[""ant""]","[""hepatitis_serology""]",PREFIX_AMBIGUITY,KEEP_CANONICAL_IDENTITY|REQUIRE_DISAMBIGUATION,"[""LIVE_CATALOG_2026-10-04"", ""FEATURED02_NAV_V1""]",Canonical display and current aliases audited; no unverified synonym inferred.
AUDIT_ONLY|PROPOSED|DIRECTOR_REVIEW_REQUIRED,anti_hbs,Anti-HBs,LABORATORIO,"[""Acs. anti-antígeno de superficie""]",[],"[""Acs. anti-antígeno de superficie""]",[],[],[],,[],"[""anti"", ""hbs"", ""acs"", ""antigeno"", ""de"", ""superficie""]",TOKEN_PREFIX_3;EXACT_APPROVED_ABBREVIATION,"[""ant""]","[""hepatitis_serology""]",PREFIX_AMBIGUITY,KEEP_CANONICAL_IDENTITY|REQUIRE_DISAMBIGUATION,"[""LIVE_CATALOG_2026-10-04"", ""FEATURED02_NAV_V1""]",Canonical display and current aliases audited; no unverified synonym inferred.
AUDIT_ONLY|PROPOSED|DIRECTOR_REVIEW_REQUIRED,anti_tg,Anti-tiroglobulina,LABORATORIO,"[""Acs. anti-tiroglobulina""]",[],"[""Acs. anti-tiroglobulina""]",[],[],[],,[],"[""anti"", ""tiroglobulina"", ""acs"", ""tg""]",TOKEN_PREFIX_3;EXACT_APPROVED_ABBREVIATION,"[""ant""]","[""endocrine""]",PREFIX_AMBIGUITY,KEEP_CANONICAL_IDENTITY|REQUIRE_DISAMBIGUATION,"[""LIVE_CATALOG_2026-10-04"", ""FEATURED02_NAV_V1""]",Canonical display and current aliases audited; no unverified synonym inferred.
AUDIT_ONLY|PROPOSED|DIRECTOR_REVIEW_REQUIRED,anti_tpo,Anti-TPO,LABORATORIO,"[""Acs. anti-peroxidasa""]",[],"[""Acs. anti-peroxidasa""]",[],[],[],,[],"[""anti"", ""tpo"", ""acs"", ""peroxidasa""]",TOKEN_PREFIX_3;EXACT_APPROVED_ABBREVIATION,"[""ant""]","[""endocrine""]",PREFIX_AMBIGUITY,KEEP_CANONICAL_IDENTITY|REQUIRE_DISAMBIGUATION,"[""LIVE_CATALOG_2026-10-04"", ""FEATURED02_NAV_V1""]",Canonical display and current aliases audited; no unverified synonym inferred.
AUDIT_ONLY|PROPOSED|DIRECTOR_REVIEW_REQUIRED,apo_b,Apolipoproteína B,LABORATORIO,"[""ApoB"", ""Apo B"", ""Apolipoproteína B en suero""]",[],"[""Apolipoproteína B en suero""]","[""ApoB"", ""Apo B""]",[],[],,[],"[""apolipoproteina"", ""b"", ""apob"", ""apo"", ""en"", ""suero""]",TOKEN_PREFIX_3;EXACT_APPROVED_ABBREVIATION,[],"[""chemistry""]",LOW_CURRENT_TERM_ONLY,KEEP_CANONICAL_IDENTITY|NO_EXTRA_TERM_PROPOSED,"[""LIVE_CATALOG_2026-10-04"", ""FEATURED02_NAV_V1""]",Canonical display and current aliases audited; no unverified synonym inferred.
AUDIT_ONLY|PROPOSED|DIRECTOR_REVIEW_REQUIRED,aptt,TTPa (aPTT),LABORATORIO,"[""Tiempo de tromboplastina parcial activado""]",[],"[""Tiempo de tromboplastina parcial activado""]",[],[],[],Tiempo parcial de tromboplastina activada,[],"[""ttpa"", ""aptt"", ""tiempo"", ""de"", ""tromboplastina"", ""parcial"", ""activado"", ""activada""]",TOKEN_PREFIX_3;EXACT_APPROVED_ABBREVIATION,[],"[""coagulation""]",COMMON_DISPLAY_PROPOSAL,KEEP_CANONICAL_IDENTITY|REVIEW_SECONDARY_COMMON_DISPLAY,"[""LIVE_CATALOG_2026-10-04"", ""FEATURED02_NAV_V1""]","Secondary common display is proposed, not current UI."
AUDIT_ONLY|PROPOSED|DIRECTOR_REVIEW_REQUIRED,ast,AST (TGO),LABORATORIO,"[""Aspartato aminotransferasa""]",[],"[""Aspartato aminotransferasa""]","[""AST"", ""TGO""]",[],[],Aspartato aminotransferasa,[],"[""ast"", ""tgo"", ""aspartato"", ""aminotransferasa""]",TOKEN_PREFIX_3;EXACT_APPROVED_ABBREVIATION,[],"[""chemistry""]",COMMON_DISPLAY_PROPOSAL,KEEP_CANONICAL_IDENTITY|REVIEW_SECONDARY_COMMON_DISPLAY,"[""LIVE_CATALOG_2026-10-04"", ""FEATURED02_NAV_V1"", ""NIH_LIVER""]","Secondary common display is proposed, not current UI."
AUDIT_ONLY|PROPOSED|DIRECTOR_REVIEW_REQUIRED,bhcg,β-hCG,LABORATORIO,[],[],[],[],[],[],,[],"[""beta"", ""hcg"", ""bhcg""]",TOKEN_PREFIX_3;EXACT_APPROVED_ABBREVIATION,[],"[""endocrine"", ""tumor""]",MULTI_LEAF_NAVIGATION,KEEP_CANONICAL_IDENTITY|NO_EXTRA_TERM_PROPOSED,"[""LIVE_CATALOG_2026-10-04"", ""FEATURED02_NAV_V1""]",Multiple navigation leaves refer to one canonical key.
AUDIT_ONLY|PROPOSED|DIRECTOR_REVIEW_REQUIRED,bicarbonate_serum,Bicarbonato / CO2 total sérico,LABORATORIO,"[""HCO3 sérico"", ""CO2 total sérico"", ""Bicarbonato sérico""]",[],"[""HCO3 sérico"", ""CO2 total sérico"", ""Bicarbonato sérico""]",[],[],[],,[],"[""bicarbonato"", ""co2"", ""total"", ""serico"", ""hco3"", ""bicarbonate"", ""serum""]",TOKEN_PREFIX_3;EXACT_APPROVED_ABBREVIATION,[],"[""chemistry""]",LOW_CURRENT_TERM_ONLY,KEEP_CANONICAL_IDENTITY|NO_EXTRA_TERM_PROPOSED,"[""LIVE_CATALOG_2026-10-04"", ""FEATURED02_NAV_V1""]",Canonical display and current aliases audited; no unverified synonym inferred.
AUDIT_ONLY|PROPOSED|DIRECTOR_REVIEW_REQUIRED,bilirubin_direct,Bilirrubina directa,LABORATORIO,[],[],[],[],[],[],,[],"[""bilirrubina"", ""directa"", ""bilirubin"", ""direct""]",TOKEN_PREFIX_3;EXACT_APPROVED_ABBREVIATION,[],"[""chemistry""]",LOW_CURRENT_TERM_ONLY,KEEP_CANONICAL_IDENTITY|NO_EXTRA_TERM_PROPOSED,"[""LIVE_CATALOG_2026-10-04"", ""FEATURED02_NAV_V1""]",Canonical display and current aliases audited; no unverified synonym inferred.
AUDIT_ONLY|PROPOSED|DIRECTOR_REVIEW_REQUIRED,bilirubin_indirect,Bilirrubina indirecta,LABORATORIO,[],[],[],[],[],[],,[],"[""bilirrubina"", ""indirecta"", ""bilirubin"", ""indirect""]",TOKEN_PREFIX_3;EXACT_APPROVED_ABBREVIATION,[],"[""chemistry""]",LOW_CURRENT_TERM_ONLY,KEEP_CANONICAL_IDENTITY|NO_EXTRA_TERM_PROPOSED,"[""LIVE_CATALOG_2026-10-04"", ""FEATURED02_NAV_V1""]",Canonical display and current aliases audited; no unverified synonym inferred.
AUDIT_ONLY|PROPOSED|DIRECTOR_REVIEW_REQUIRED,bilirubin_total,Bilirrubina total,LABORATORIO,[],[],[],[],[],[],,[],"[""bilirrubina"", ""total"", ""bilirubin""]",TOKEN_PREFIX_3;EXACT_APPROVED_ABBREVIATION,[],"[""chemistry""]",LOW_CURRENT_TERM_ONLY,KEEP_CANONICAL_IDENTITY|NO_EXTRA_TERM_PROPOSED,"[""LIVE_CATALOG_2026-10-04"", ""FEATURED02_NAV_V1""]",Canonical display and current aliases audited; no unverified synonym inferred.
AUDIT_ONLY|PROPOSED|DIRECTOR_REVIEW_REQUIRED,blood_culture,Hemocultivo,LABORATORIO,[],[],[],[],[],[],,[],"[""hemocultivo"", ""blood"", ""culture""]",TOKEN_PREFIX_3;EXACT_APPROVED_ABBREVIATION,"[""hem""]","[""microbiology""]",PREFIX_AMBIGUITY,KEEP_CANONICAL_IDENTITY|REQUIRE_DISAMBIGUATION,"[""LIVE_CATALOG_2026-10-04"", ""FEATURED02_NAV_V1""]",Canonical display and current aliases audited; no unverified synonym inferred.
AUDIT_ONLY|PROPOSED|DIRECTOR_REVIEW_REQUIRED,body_fluid_albumin,Albúmina en líquido corporal,LABORATORIO,[],[],[],[],[],[],,[],"[""albumina"", ""en"", ""liquido"", ""corporal"", ""body"", ""fluid"", ""albumin""]",TOKEN_PREFIX_3;EXACT_APPROVED_ABBREVIATION,[],"[""urine""]",LOW_CURRENT_TERM_ONLY,KEEP_CANONICAL_IDENTITY|NO_EXTRA_TERM_PROPOSED,"[""LIVE_CATALOG_2026-10-04"", ""FEATURED02_NAV_V1""]",Canonical display and current aliases audited; no unverified synonym inferred.
AUDIT_ONLY|PROPOSED|DIRECTOR_REVIEW_REQUIRED,body_fluid_amylase,Amilasa en líquido corporal,LABORATORIO,[],[],[],[],[],[],,[],"[""amilasa"", ""en"", ""liquido"", ""corporal"", ""body"", ""fluid"", ""amylase""]",TOKEN_PREFIX_3;EXACT_APPROVED_ABBREVIATION,[],"[""urine""]",LOW_CURRENT_TERM_ONLY,KEEP_CANONICAL_IDENTITY|NO_EXTRA_TERM_PROPOSED,"[""LIVE_CATALOG_2026-10-04"", ""FEATURED02_NAV_V1""]",Canonical display and current aliases audited; no unverified synonym inferred.
AUDIT_ONLY|PROPOSED|DIRECTOR_REVIEW_REQUIRED,body_fluid_cell_count,Recuento celular y diferencial en líquido corporal,LABORATORIO,[],[],[],[],[],[],,[],"[""recuento"", ""celular"", ""y"", ""diferencial"", ""en"", ""liquido"", ""corporal"", ""body"", ""fluid"", ""cell"", ""count""]",TOKEN_PREFIX_3;EXACT_APPROVED_ABBREVIATION,[],"[""urine""]",LOW_CURRENT_TERM_ONLY,KEEP_CANONICAL_IDENTITY|NO_EXTRA_TERM_PROPOSED,"[""LIVE_CATALOG_2026-10-04"", ""FEATURED02_NAV_V1""]",Canonical display and current aliases audited; no unverified synonym inferred.
AUDIT_ONLY|PROPOSED|DIRECTOR_REVIEW_REQUIRED,body_fluid_cholesterol,Colesterol en líquido corporal,LABORATORIO,[],[],[],[],[],[],,[],"[""colesterol"", ""en"", ""liquido"", ""corporal"", ""body"", ""fluid"", ""cholesterol""]",TOKEN_PREFIX_3;EXACT_APPROVED_ABBREVIATION,[],"[""urine""]",LOW_CURRENT_TERM_ONLY,KEEP_CANONICAL_IDENTITY|NO_EXTRA_TERM_PROPOSED,"[""LIVE_CATALOG_2026-10-04"", ""FEATURED02_NAV_V1""]",Canonical display and current aliases audited; no unverified synonym inferred.
AUDIT_ONLY|PROPOSED|DIRECTOR_REVIEW_REQUIRED,body_fluid_glucose,Glucosa en líquido corporal,LABORATORIO,[],[],[],[],[],[],,[],"[""glucosa"", ""en"", ""liquido"", ""corporal"", ""body"", ""fluid"", ""glucose""]",TOKEN_PREFIX_3;EXACT_APPROVED_ABBREVIATION,"[""glu""]","[""urine""]",PREFIX_AMBIGUITY,KEEP_CANONICAL_IDENTITY|REQUIRE_DISAMBIGUATION,"[""LIVE_CATALOG_2026-10-04"", ""FEATURED02_NAV_V1""]",Canonical display and current aliases audited; no unverified synonym inferred.
AUDIT_ONLY|PROPOSED|DIRECTOR_REVIEW_REQUIRED,body_fluid_ldh,LDH en líquido corporal,LABORATORIO,[],[],[],"[""LDH en líquido corporal""]",[],[],,[],"[""ldh"", ""en"", ""liquido"", ""corporal"", ""body"", ""fluid""]",TOKEN_PREFIX_3;EXACT_APPROVED_ABBREVIATION,"[""LDH""]","[""urine""]",PREFIX_AMBIGUITY,KEEP_CANONICAL_IDENTITY|REQUIRE_DISAMBIGUATION,"[""LIVE_CATALOG_2026-10-04"", ""FEATURED02_NAV_V1""]",Canonical display and current aliases audited; no unverified synonym inferred.
AUDIT_ONLY|PROPOSED|DIRECTOR_REVIEW_REQUIRED,body_fluid_total_protein,Proteínas totales en líquido corporal,LABORATORIO,[],[],[],[],[],[],,[],"[""proteinas"", ""totales"", ""en"", ""liquido"", ""corporal"", ""body"", ""fluid"", ""total"", ""protein""]",TOKEN_PREFIX_3;EXACT_APPROVED_ABBREVIATION,"[""pro""]","[""urine""]",PREFIX_AMBIGUITY,KEEP_CANONICAL_IDENTITY|REQUIRE_DISAMBIGUATION,"[""LIVE_CATALOG_2026-10-04"", ""FEATURED02_NAV_V1""]",Canonical display and current aliases audited; no unverified synonym inferred.
AUDIT_ONLY|PROPOSED|DIRECTOR_REVIEW_REQUIRED,body_fluid_triglycerides,Triglicéridos en líquido corporal,LABORATORIO,[],[],[],[],[],[],,[],"[""trigliceridos"", ""en"", ""liquido"", ""corporal"", ""body"", ""fluid"", ""triglycerides""]",TOKEN_PREFIX_3;EXACT_APPROVED_ABBREVIATION,[],"[""urine""]",LOW_CURRENT_TERM_ONLY,KEEP_CANONICAL_IDENTITY|NO_EXTRA_TERM_PROPOSED,"[""LIVE_CATALOG_2026-10-04"", ""FEATURED02_NAV_V1""]",Canonical display and current aliases audited; no unverified synonym inferred.
AUDIT_ONLY|PROPOSED|DIRECTOR_REVIEW_REQUIRED,bun,Nitrógeno ureico (BUN),LABORATORIO,[],[],[],"[""BUN""]",[],[],Nitrógeno ureico en sangre,[],"[""nitrogeno"", ""ureico"", ""bun"", ""en"", ""sangre""]",TOKEN_PREFIX_3;EXACT_APPROVED_ABBREVIATION,[],"[""chemistry""]",COMMON_DISPLAY_PROPOSAL,KEEP_CANONICAL_IDENTITY|REVIEW_SECONDARY_COMMON_DISPLAY,"[""LIVE_CATALOG_2026-10-04"", ""FEATURED02_NAV_V1""]","Secondary common display is proposed, not current UI."
AUDIT_ONLY|PROPOSED|DIRECTOR_REVIEW_REQUIRED,c3,C3,LABORATORIO,"[""Complemento C3""]",[],"[""Complemento C3""]","[""C3""]",[],[],,[],"[""c3"", ""complemento""]",TOKEN_PREFIX_3;EXACT_APPROVED_ABBREVIATION,[],"[""immunoglobulins""]",LOW_CURRENT_TERM_ONLY,KEEP_CANONICAL_IDENTITY|NO_EXTRA_TERM_PROPOSED,"[""LIVE_CATALOG_2026-10-04"", ""FEATURED02_NAV_V1""]",Canonical display and current aliases audited; no unverified synonym inferred.
AUDIT_ONLY|PROPOSED|DIRECTOR_REVIEW_REQUIRED,c4,C4,LABORATORIO,"[""Complemento C4""]",[],"[""Complemento C4""]","[""C4""]",[],[],,[],"[""c4"", ""complemento""]",TOKEN_PREFIX_3;EXACT_APPROVED_ABBREVIATION,[],"[""immunoglobulins""]",LOW_CURRENT_TERM_ONLY,KEEP_CANONICAL_IDENTITY|NO_EXTRA_TERM_PROPOSED,"[""LIVE_CATALOG_2026-10-04"", ""FEATURED02_NAV_V1""]",Canonical display and current aliases audited; no unverified synonym inferred.
AUDIT_ONLY|PROPOSED|DIRECTOR_REVIEW_REQUIRED,ca125_serum,Antígeno CA 125 sérico,LABORATORIO,"[""CA 125"", ""CA-125""]",[],[],"[""CA 125"", ""CA-125""]",[],[],,[],"[""antigeno"", ""ca"", ""125"", ""serico"", ""ca125"", ""serum""]",TOKEN_PREFIX_3;EXACT_APPROVED_ABBREVIATION,"[""ant""]","[""tumor""]",PREFIX_AMBIGUITY,KEEP_CANONICAL_IDENTITY|REQUIRE_DISAMBIGUATION,"[""LIVE_CATALOG_2026-10-04"", ""FEATURED02_NAV_V1""]",Canonical display and current aliases audited; no unverified synonym inferred.
AUDIT_ONLY|PROPOSED|DIRECTOR_REVIEW_REQUIRED,ca153_serum,Antígeno CA 15-3 sérico,LABORATORIO,"[""CA 15-3"", ""CA15-3""]",[],[],"[""CA 15-3"", ""CA15-3""]",[],[],,[],"[""antigeno"", ""ca"", ""15"", ""3"", ""serico"", ""ca15"", ""ca153"", ""serum""]",TOKEN_PREFIX_3;EXACT_APPROVED_ABBREVIATION,"[""ant""]","[""tumor""]",PREFIX_AMBIGUITY,KEEP_CANONICAL_IDENTITY|REQUIRE_DISAMBIGUATION,"[""LIVE_CATALOG_2026-10-04"", ""FEATURED02_NAV_V1""]",Canonical display and current aliases audited; no unverified synonym inferred.
AUDIT_ONLY|PROPOSED|DIRECTOR_REVIEW_REQUIRED,ca199_serum,Antígeno CA 19-9 sérico,LABORATORIO,"[""CA 19-9"", ""CA19-9""]",[],[],"[""CA 19-9"", ""CA19-9""]",[],[],,[],"[""antigeno"", ""ca"", ""19"", ""9"", ""serico"", ""ca19"", ""ca199"", ""serum""]",TOKEN_PREFIX_3;EXACT_APPROVED_ABBREVIATION,"[""ant""]","[""tumor""]",PREFIX_AMBIGUITY,KEEP_CANONICAL_IDENTITY|REQUIRE_DISAMBIGUATION,"[""LIVE_CATALOG_2026-10-04"", ""FEATURED02_NAV_V1""]",Canonical display and current aliases audited; no unverified synonym inferred.
AUDIT_ONLY|PROPOSED|DIRECTOR_REVIEW_REQUIRED,calcium,Calcio,LABORATORIO,[],[],[],[],[],[],,[],"[""calcio"", ""calcium""]",TOKEN_PREFIX_3;EXACT_APPROVED_ABBREVIATION,[],"[""chemistry""]",LOW_CURRENT_TERM_ONLY,KEEP_CANONICAL_IDENTITY|NO_EXTRA_TERM_PROPOSED,"[""LIVE_CATALOG_2026-10-04"", ""FEATURED02_NAV_V1""]",Canonical display and current aliases audited; no unverified synonym inferred.
AUDIT_ONLY|PROPOSED|DIRECTOR_REVIEW_REQUIRED,cbc,Biometría hemática (BH / CBC),LABORATORIO,"[""BH / CBC"", ""Biometría hemática"", ""CBC"", ""Citometría hemática""]",[],"[""Biometría hemática"", ""Citometría hemática""]","[""BH / CBC"", ""CBC"", ""BH""]",[],[],Biometría hemática,[],"[""biometria"", ""hematica"", ""bh"", ""cbc"", ""citometria""]",TOKEN_PREFIX_3;EXACT_APPROVED_ABBREVIATION,"[""hem""]","[""hematology"", ""panels""]",PREFIX_AMBIGUITY|MULTI_LEAF_NAVIGATION|COMMON_DISPLAY_PROPOSAL,KEEP_CANONICAL_IDENTITY|REVIEW_SECONDARY_COMMON_DISPLAY|REQUIRE_DISAMBIGUATION,"[""LIVE_CATALOG_2026-10-04"", ""FEATURED02_NAV_V1"", ""NIH_CBC""]","Multiple navigation leaves refer to one canonical key. Secondary common display is proposed, not current UI."
AUDIT_ONLY|PROPOSED|DIRECTOR_REVIEW_REQUIRED,cea_serum,Antígeno carcinoembrionario sérico,LABORATORIO,"[""CEA"", ""Antígeno carcinoembrionario""]","[""Antígeno carcinoembrionario""]","[""Antígeno carcinoembrionario""]","[""CEA""]",[],[],,[],"[""antigeno"", ""carcinoembrionario"", ""serico"", ""cea"", ""serum""]",TOKEN_PREFIX_3;EXACT_APPROVED_ABBREVIATION,"[""ant""]","[""tumor""]",PREFIX_AMBIGUITY|EXISTING_ALIAS_SCOPE_REVIEW,KEEP_CANONICAL_IDENTITY|REVIEW_EXISTING_ALIAS_SCOPE|REQUIRE_DISAMBIGUATION,"[""LIVE_CATALOG_2026-10-04"", ""FEATURED02_NAV_V1""]",Existing accepted alias is preserved; any narrower future scope requires Director review and compatibility handling.
AUDIT_ONLY|PROPOSED|DIRECTOR_REVIEW_REQUIRED,chloride,Cloro,LABORATORIO,[],[],[],[],[],[],,[],"[""cloro"", ""chloride""]",TOKEN_PREFIX_3;EXACT_APPROVED_ABBREVIATION,[],"[""chemistry""]",LOW_CURRENT_TERM_ONLY,KEEP_CANONICAL_IDENTITY|NO_EXTRA_TERM_PROPOSED,"[""LIVE_CATALOG_2026-10-04"", ""FEATURED02_NAV_V1""]",Canonical display and current aliases audited; no unverified synonym inferred.
AUDIT_ONLY|PROPOSED|DIRECTOR_REVIEW_REQUIRED,chol_total,Colesterol total,LABORATORIO,[],[],[],[],[],[],,[],"[""colesterol"", ""total"", ""chol""]",TOKEN_PREFIX_3;EXACT_APPROVED_ABBREVIATION,[],"[""chemistry""]",LOW_CURRENT_TERM_ONLY,KEEP_CANONICAL_IDENTITY|NO_EXTRA_TERM_PROPOSED,"[""LIVE_CATALOG_2026-10-04"", ""FEATURED02_NAV_V1""]",Canonical display and current aliases audited; no unverified synonym inferred.
AUDIT_ONLY|PROPOSED|DIRECTOR_REVIEW_REQUIRED,cortisol_serum,Cortisol sérico,LABORATORIO,"[""Cortisol"", ""Cortisol en suero""]","[""Cortisol""]","[""Cortisol"", ""Cortisol en suero""]",[],[],[],,[],"[""cortisol"", ""serico"", ""en"", ""suero"", ""serum""]",TOKEN_PREFIX_3;EXACT_APPROVED_ABBREVIATION,[],"[""endocrine""]",EXISTING_ALIAS_SCOPE_REVIEW,KEEP_CANONICAL_IDENTITY|REVIEW_EXISTING_ALIAS_SCOPE,"[""LIVE_CATALOG_2026-10-04"", ""FEATURED02_NAV_V1""]",Existing accepted alias is preserved; any narrower future scope requires Director review and compatibility handling.
AUDIT_ONLY|PROPOSED|DIRECTOR_REVIEW_REQUIRED,creatinine,Creatinina,LABORATORIO,[],[],[],[],[],[],,[],"[""creatinina"", ""creatinine""]",TOKEN_PREFIX_3;EXACT_APPROVED_ABBREVIATION,[],"[""chemistry""]",LOW_CURRENT_TERM_ONLY,KEEP_CANONICAL_IDENTITY|NO_EXTRA_TERM_PROPOSED,"[""LIVE_CATALOG_2026-10-04"", ""FEATURED02_NAV_V1""]",Canonical display and current aliases audited; no unverified synonym inferred.
AUDIT_ONLY|PROPOSED|DIRECTOR_REVIEW_REQUIRED,crp_hs,Proteína C reactiva ultrasensible (PCR-us),LABORATORIO,"[""Proteína C reactiva H.S."", ""hs-CRP"", ""PCR-us""]",[],"[""Proteína C reactiva H.S.""]","[""hs-CRP"", ""PCR-us""]",[],[],,"[""PCR"", ""CRP"", ""inflamación""]","[""proteina"", ""c"", ""reactiva"", ""ultrasensible"", ""pcr"", ""us"", ""hs"", ""crp"", ""h"", ""s"", ""inflamacion""]",TOKEN_PREFIX_3;EXACT_APPROVED_ABBREVIATION,"[""PCR"", ""CRP"", ""pro""]","[""inflammation""]",PREFIX_AMBIGUITY|DISCOVERY_NOT_SYNONYM,KEEP_CANONICAL_IDENTITY|REVIEW_RANK_ONLY_DISCOVERY|REQUIRE_DISAMBIGUATION,"[""LIVE_CATALOG_2026-10-04"", ""FEATURED02_NAV_V1"", ""NIH_CRP"", ""CAT04A""]",Conventional and ultrasensitive CRP are distinct; PCR/CRP are discovery-only here.
AUDIT_ONLY|PROPOSED|DIRECTOR_REVIEW_REQUIRED,crp_standard,Proteína C reactiva convencional,LABORATORIO,"[""CRP convencional"", ""Proteína C reactiva estándar""]",[],"[""Proteína C reactiva estándar""]","[""CRP convencional""]",[],[],,"[""PCR"", ""CRP"", ""inflamación""]","[""proteina"", ""c"", ""reactiva"", ""convencional"", ""crp"", ""estandar"", ""pcr"", ""inflamacion"", ""standard""]",TOKEN_PREFIX_3;EXACT_APPROVED_ABBREVIATION,"[""PCR"", ""CRP"", ""pro""]","[""inflammation""]",PREFIX_AMBIGUITY|DISCOVERY_NOT_SYNONYM,KEEP_CANONICAL_IDENTITY|REVIEW_RANK_ONLY_DISCOVERY|REQUIRE_DISAMBIGUATION,"[""LIVE_CATALOG_2026-10-04"", ""FEATURED02_NAV_V1"", ""NIH_CRP"", ""CAT04A""]",Conventional and ultrasensitive CRP are distinct; PCR/CRP are discovery-only here.
AUDIT_ONLY|PROPOSED|DIRECTOR_REVIEW_REQUIRED,csf_cell_count,Recuento celular y diferencial en LCR,LABORATORIO,"[""Citometría de líquido cefalorraquídeo""]",[],"[""Citometría de líquido cefalorraquídeo""]",[],[],[],,[],"[""recuento"", ""celular"", ""y"", ""diferencial"", ""en"", ""lcr"", ""citometria"", ""de"", ""liquido"", ""cefalorraquideo"", ""csf"", ""cell"", ""count""]",TOKEN_PREFIX_3;EXACT_APPROVED_ABBREVIATION,[],"[""urine""]",LOW_CURRENT_TERM_ONLY,KEEP_CANONICAL_IDENTITY|NO_EXTRA_TERM_PROPOSED,"[""LIVE_CATALOG_2026-10-04"", ""FEATURED02_NAV_V1""]",Canonical display and current aliases audited; no unverified synonym inferred.
AUDIT_ONLY|PROPOSED|DIRECTOR_REVIEW_REQUIRED,csf_cryptococcal_antigen,Antígeno criptocócico en LCR,LABORATORIO,[],[],[],[],[],[],,[],"[""antigeno"", ""criptococico"", ""en"", ""lcr"", ""csf"", ""cryptococcal"", ""antigen""]",TOKEN_PREFIX_3;EXACT_APPROVED_ABBREVIATION,"[""ant""]","[""microbiology""]",PREFIX_AMBIGUITY,KEEP_CANONICAL_IDENTITY|REQUIRE_DISAMBIGUATION,"[""LIVE_CATALOG_2026-10-04"", ""FEATURED02_NAV_V1""]",Canonical display and current aliases audited; no unverified synonym inferred.
AUDIT_ONLY|PROPOSED|DIRECTOR_REVIEW_REQUIRED,csf_glucose,Glucosa en líquido cefalorraquídeo (LCR),LABORATORIO,[],[],[],[],[],[],,[],"[""glucosa"", ""en"", ""liquido"", ""cefalorraquideo"", ""lcr"", ""csf"", ""glucose""]",TOKEN_PREFIX_3;EXACT_APPROVED_ABBREVIATION,"[""glu""]","[""urine""]",PREFIX_AMBIGUITY,KEEP_CANONICAL_IDENTITY|REQUIRE_DISAMBIGUATION,"[""LIVE_CATALOG_2026-10-04"", ""FEATURED02_NAV_V1""]",Canonical display and current aliases audited; no unverified synonym inferred.
AUDIT_ONLY|PROPOSED|DIRECTOR_REVIEW_REQUIRED,csf_lactate,Lactato en LCR,LABORATORIO,[],[],[],[],[],[],,[],"[""lactato"", ""en"", ""lcr"", ""csf"", ""lactate""]",TOKEN_PREFIX_3;EXACT_APPROVED_ABBREVIATION,[],"[""urine""]",LOW_CURRENT_TERM_ONLY,KEEP_CANONICAL_IDENTITY|NO_EXTRA_TERM_PROPOSED,"[""LIVE_CATALOG_2026-10-04"", ""FEATURED02_NAV_V1""]",Canonical display and current aliases audited; no unverified synonym inferred.
AUDIT_ONLY|PROPOSED|DIRECTOR_REVIEW_REQUIRED,csf_meningitis_encephalitis_panel,Panel molecular de meningitis/encefalitis en LCR,LABORATORIO,[],[],[],[],[],[],,[],"[""panel"", ""molecular"", ""de"", ""meningitis"", ""encefalitis"", ""en"", ""lcr"", ""csf"", ""encephalitis""]",TOKEN_PREFIX_3;EXACT_APPROVED_ABBREVIATION,[],"[""molecular_infectious""]",LOW_CURRENT_TERM_ONLY,KEEP_CANONICAL_IDENTITY|NO_EXTRA_TERM_PROPOSED,"[""LIVE_CATALOG_2026-10-04"", ""FEATURED02_NAV_V1""]",Canonical display and current aliases audited; no unverified synonym inferred.
AUDIT_ONLY|PROPOSED|DIRECTOR_REVIEW_REQUIRED,csf_oligoclonal_bands,Bandas oligoclonales en LCR y suero,LABORATORIO,[],[],[],[],[],[],,[],"[""bandas"", ""oligoclonales"", ""en"", ""lcr"", ""y"", ""suero"", ""csf"", ""oligoclonal"", ""bands""]",TOKEN_PREFIX_3;EXACT_APPROVED_ABBREVIATION,[],"[""urine""]",LOW_CURRENT_TERM_ONLY,KEEP_CANONICAL_IDENTITY|NO_EXTRA_TERM_PROPOSED,"[""LIVE_CATALOG_2026-10-04"", ""FEATURED02_NAV_V1""]",Canonical display and current aliases audited; no unverified synonym inferred.
AUDIT_ONLY|PROPOSED|DIRECTOR_REVIEW_REQUIRED,csf_total_protein,Proteínas totales en líquido cefalorraquídeo (LCR),LABORATORIO,[],[],[],[],[],[],,[],"[""proteinas"", ""totales"", ""en"", ""liquido"", ""cefalorraquideo"", ""lcr"", ""csf"", ""total"", ""protein""]",TOKEN_PREFIX_3;EXACT_APPROVED_ABBREVIATION,"[""pro""]","[""urine""]",PREFIX_AMBIGUITY,KEEP_CANONICAL_IDENTITY|REQUIRE_DISAMBIGUATION,"[""LIVE_CATALOG_2026-10-04"", ""FEATURED02_NAV_V1""]",Canonical display and current aliases audited; no unverified synonym inferred.
AUDIT_ONLY|PROPOSED|DIRECTOR_REVIEW_REQUIRED,csf_vdrl,VDRL en LCR,LABORATORIO,[],[],[],"[""VDRL en LCR""]",[],[],,[],"[""vdrl"", ""en"", ""lcr"", ""csf""]",TOKEN_PREFIX_3;EXACT_APPROVED_ABBREVIATION,"[""VDRL""]","[""microbiology""]",PREFIX_AMBIGUITY,KEEP_CANONICAL_IDENTITY|REQUIRE_DISAMBIGUATION,"[""LIVE_CATALOG_2026-10-04"", ""FEATURED02_NAV_V1""]",Canonical display and current aliases audited; no unverified synonym inferred.
AUDIT_ONLY|PROPOSED|DIRECTOR_REVIEW_REQUIRED,d_dimer,Dímero D,LABORATORIO,[],[],[],[],[],[],,[],"[""dimero"", ""d"", ""dimer""]",TOKEN_PREFIX_3;EXACT_APPROVED_ABBREVIATION,[],"[""coagulation""]",LOW_CURRENT_TERM_ONLY,KEEP_CANONICAL_IDENTITY|NO_EXTRA_TERM_PROPOSED,"[""LIVE_CATALOG_2026-10-04"", ""FEATURED02_NAV_V1""]",Canonical display and current aliases audited; no unverified synonym inferred.
AUDIT_ONLY|PROPOSED|DIRECTOR_REVIEW_REQUIRED,dheas_serum,Sulfato de dehidroepiandrosterona,LABORATORIO,"[""DHEA-S"", ""DHEAS""]",[],[],"[""DHEA-S"", ""DHEAS""]",[],[],,[],"[""sulfato"", ""de"", ""dehidroepiandrosterona"", ""dhea"", ""s"", ""dheas"", ""serum""]",TOKEN_PREFIX_3;EXACT_APPROVED_ABBREVIATION,[],"[""endocrine""]",LOW_CURRENT_TERM_ONLY,KEEP_CANONICAL_IDENTITY|NO_EXTRA_TERM_PROPOSED,"[""LIVE_CATALOG_2026-10-04"", ""FEATURED02_NAV_V1""]",Canonical display and current aliases audited; no unverified synonym inferred.
AUDIT_ONLY|PROPOSED|DIRECTOR_REVIEW_REQUIRED,ena,ENA,LABORATORIO,[],[],[],"[""ENA""]",[],[],Antígenos nucleares extraíbles,[],"[""ena"", ""antigenos"", ""nucleares"", ""extraibles""]",TOKEN_PREFIX_3;EXACT_APPROVED_ABBREVIATION,"[""ant""]","[""autoimmunity""]",PREFIX_AMBIGUITY|COMMON_DISPLAY_PROPOSAL,KEEP_CANONICAL_IDENTITY|REVIEW_SECONDARY_COMMON_DISPLAY|REQUIRE_DISAMBIGUATION,"[""LIVE_CATALOG_2026-10-04"", ""FEATURED02_NAV_V1""]","Secondary common display is proposed, not current UI."
AUDIT_ONLY|PROPOSED|DIRECTOR_REVIEW_REQUIRED,esr,Velocidad de sedimentación globular (VSG),LABORATORIO,"[""Velocidad de sed. globular"", ""Velocidad de sedimentación globular""]",[],"[""Velocidad de sed. globular"", ""Velocidad de sedimentación globular""]","[""VSG""]",[],[],,[],"[""velocidad"", ""de"", ""sedimentacion"", ""globular"", ""vsg"", ""sed"", ""esr""]",TOKEN_PREFIX_3;EXACT_APPROVED_ABBREVIATION,[],"[""hematology"", ""inflammation""]",MULTI_LEAF_NAVIGATION,KEEP_CANONICAL_IDENTITY|NO_EXTRA_TERM_PROPOSED,"[""LIVE_CATALOG_2026-10-04"", ""FEATURED02_NAV_V1""]",Multiple navigation leaves refer to one canonical key.
AUDIT_ONLY|PROPOSED|DIRECTOR_REVIEW_REQUIRED,estradiol,Estradiol,LABORATORIO,[],[],[],[],[],[],,[],"[""estradiol""]",TOKEN_PREFIX_3;EXACT_APPROVED_ABBREVIATION,[],"[""endocrine""]",LOW_CURRENT_TERM_ONLY,KEEP_CANONICAL_IDENTITY|NO_EXTRA_TERM_PROPOSED,"[""LIVE_CATALOG_2026-10-04"", ""FEATURED02_NAV_V1""]",Canonical display and current aliases audited; no unverified synonym inferred.
AUDIT_ONLY|PROPOSED|DIRECTOR_REVIEW_REQUIRED,fecal_occult_blood,Sangre oculta en heces,LABORATORIO,"[""Sangre oculta en heces (FOB)""]",[],[],"[""Sangre oculta en heces (FOB)""]",[],[],,[],"[""sangre"", ""oculta"", ""en"", ""heces"", ""fob"", ""fecal"", ""occult"", ""blood""]",TOKEN_PREFIX_3;EXACT_APPROVED_ABBREVIATION,[],"[""stool""]",LOW_CURRENT_TERM_ONLY,KEEP_CANONICAL_IDENTITY|NO_EXTRA_TERM_PROPOSED,"[""LIVE_CATALOG_2026-10-04"", ""FEATURED02_NAV_V1""]",Canonical display and current aliases audited; no unverified synonym inferred.
AUDIT_ONLY|PROPOSED|DIRECTOR_REVIEW_REQUIRED,ferritin,Ferritina,LABORATORIO,[],[],[],[],[],[],,[],"[""ferritina"", ""ferritin""]",TOKEN_PREFIX_3;EXACT_APPROVED_ABBREVIATION,[],"[""hematology""]",LOW_CURRENT_TERM_ONLY,KEEP_CANONICAL_IDENTITY|NO_EXTRA_TERM_PROPOSED,"[""LIVE_CATALOG_2026-10-04"", ""FEATURED02_NAV_V1""]",Canonical display and current aliases audited; no unverified synonym inferred.
AUDIT_ONLY|PROPOSED|DIRECTOR_REVIEW_REQUIRED,fibrinogen,Fibrinógeno,LABORATORIO,[],[],[],[],[],[],,[],"[""fibrinogeno"", ""fibrinogen""]",TOKEN_PREFIX_3;EXACT_APPROVED_ABBREVIATION,[],"[""coagulation""]",LOW_CURRENT_TERM_ONLY,KEEP_CANONICAL_IDENTITY|NO_EXTRA_TERM_PROPOSED,"[""LIVE_CATALOG_2026-10-04"", ""FEATURED02_NAV_V1""]",Canonical display and current aliases audited; no unverified synonym inferred.
AUDIT_ONLY|PROPOSED|DIRECTOR_REVIEW_REQUIRED,folate,Ácido fólico,LABORATORIO,[],[],[],[],[],[],,[],"[""acido"", ""folico"", ""folate""]",TOKEN_PREFIX_3;EXACT_APPROVED_ABBREVIATION,[],"[""chemistry""]",LOW_CURRENT_TERM_ONLY,KEEP_CANONICAL_IDENTITY|NO_EXTRA_TERM_PROPOSED,"[""LIVE_CATALOG_2026-10-04"", ""FEATURED02_NAV_V1""]",Canonical display and current aliases audited; no unverified synonym inferred.
AUDIT_ONLY|PROPOSED|DIRECTOR_REVIEW_REQUIRED,fructosamine,Fructosamina,LABORATORIO,[],[],[],[],[],[],,[],"[""fructosamina"", ""fructosamine""]",TOKEN_PREFIX_3;EXACT_APPROVED_ABBREVIATION,[],"[""chemistry""]",LOW_CURRENT_TERM_ONLY,KEEP_CANONICAL_IDENTITY|NO_EXTRA_TERM_PROPOSED,"[""LIVE_CATALOG_2026-10-04"", ""FEATURED02_NAV_V1""]",Canonical display and current aliases audited; no unverified synonym inferred.
AUDIT_ONLY|PROPOSED|DIRECTOR_REVIEW_REQUIRED,fsh,FSH,LABORATORIO,"[""Hormona folículo estimulante""]",[],"[""Hormona folículo estimulante""]","[""FSH""]",[],[],Hormona foliculoestimulante,[],"[""fsh"", ""hormona"", ""foliculo"", ""estimulante"", ""foliculoestimulante""]",TOKEN_PREFIX_3;EXACT_APPROVED_ABBREVIATION,[],"[""endocrine""]",COMMON_DISPLAY_PROPOSAL,KEEP_CANONICAL_IDENTITY|REVIEW_SECONDARY_COMMON_DISPLAY,"[""LIVE_CATALOG_2026-10-04"", ""FEATURED02_NAV_V1""]","Secondary common display is proposed, not current UI."
AUDIT_ONLY|PROPOSED|DIRECTOR_REVIEW_REQUIRED,ft3,T3 libre,LABORATORIO,"[""Triyodotironina libre"", ""T3L""]",[],"[""Triyodotironina libre""]","[""T3L"", ""T3 libre""]",[],[],Triyodotironina libre,[],"[""t3"", ""libre"", ""t3l"", ""triyodotironina"", ""ft3""]",TOKEN_PREFIX_3;EXPLICIT_SHORT_RULES,"[""T3""]","[""endocrine""]",PREFIX_AMBIGUITY|COMMON_DISPLAY_PROPOSAL,KEEP_CANONICAL_IDENTITY|REVIEW_SECONDARY_COMMON_DISPLAY|REQUIRE_DISAMBIGUATION,"[""LIVE_CATALOG_2026-10-04"", ""FEATURED02_NAV_V1"", ""NIH_THYROID""]","Secondary common display is proposed, not current UI."
AUDIT_ONLY|PROPOSED|DIRECTOR_REVIEW_REQUIRED,ft4,T4 libre,LABORATORIO,"[""Tiroxina libre"", ""T4L""]",[],"[""Tiroxina libre""]","[""T4L"", ""T4 libre""]",[],[],Tiroxina libre,[],"[""t4"", ""libre"", ""t4l"", ""tiroxina"", ""ft4""]",TOKEN_PREFIX_3;EXPLICIT_SHORT_RULES,[],"[""endocrine""]",COMMON_DISPLAY_PROPOSAL,KEEP_CANONICAL_IDENTITY|REVIEW_SECONDARY_COMMON_DISPLAY,"[""LIVE_CATALOG_2026-10-04"", ""FEATURED02_NAV_V1"", ""NIH_THYROID""]","Secondary common display is proposed, not current UI."
AUDIT_ONLY|PROPOSED|DIRECTOR_REVIEW_REQUIRED,ggt,GGT,LABORATORIO,"[""Gamaglutamil transpeptidasa""]",[],"[""Gamaglutamil transpeptidasa""]","[""GGT""]",[],[],Gamma glutamil transferasa,[],"[""ggt"", ""gamaglutamil"", ""transpeptidasa"", ""gamma"", ""glutamil"", ""transferasa""]",TOKEN_PREFIX_3;EXACT_APPROVED_ABBREVIATION,"[""glu""]","[""chemistry""]",PREFIX_AMBIGUITY|COMMON_DISPLAY_PROPOSAL,KEEP_CANONICAL_IDENTITY|REVIEW_SECONDARY_COMMON_DISPLAY|REQUIRE_DISAMBIGUATION,"[""LIVE_CATALOG_2026-10-04"", ""FEATURED02_NAV_V1"", ""NIH_LIVER""]","Secondary common display is proposed, not current UI."
AUDIT_ONLY|PROPOSED|DIRECTOR_REVIEW_REQUIRED,glucose,Glucosa,LABORATORIO,[],[],[],[],[],[],,[],"[""glucosa"", ""glucose""]",TOKEN_PREFIX_3;EXACT_APPROVED_ABBREVIATION,"[""glu""]","[""chemistry""]",PREFIX_AMBIGUITY,KEEP_CANONICAL_IDENTITY|REQUIRE_DISAMBIGUATION,"[""LIVE_CATALOG_2026-10-04"", ""FEATURED02_NAV_V1""]",Canonical display and current aliases audited; no unverified synonym inferred.
AUDIT_ONLY|PROPOSED|DIRECTOR_REVIEW_REQUIRED,hba1c,Hemoglobina glicosilada (HbA1c),LABORATORIO,"[""Hemoglobina glicosilada"", ""Hemoglobina glucosilada"", ""Hemoglobina A1c""]",[],"[""Hemoglobina glicosilada"", ""Hemoglobina glucosilada"", ""Hemoglobina A1c""]","[""HbA1c""]",[],"[""A1c""]",Hemoglobina glicosilada,"[""diabetes"", ""glucosa""]","[""hemoglobina"", ""glicosilada"", ""hba1c"", ""a1c"", ""glucosilada"", ""diabetes"", ""glucosa""]",TOKEN_PREFIX_3;EXACT_APPROVED_ABBREVIATION,"[""hem"", ""glu""]","[""endocrine""]",PREFIX_AMBIGUITY|DISCOVERY_NOT_SYNONYM|PROPOSED_TERM_REVIEW|COMMON_DISPLAY_PROPOSAL,KEEP_CANONICAL_IDENTITY|REVIEW_PROPOSED_EQUIVALENCE|REVIEW_SECONDARY_COMMON_DISPLAY|REVIEW_RANK_ONLY_DISCOVERY|REQUIRE_DISAMBIGUATION,"[""LIVE_CATALOG_2026-10-04"", ""FEATURED02_NAV_V1"", ""NIH_A1C"", ""CAT04A""]","Glucosa and diabetes are discovery terms only, never HbA1c aliases. Proposed search term requires Director clinical review; no catalog mutation. Secondary common display is proposed, not current UI."
AUDIT_ONLY|PROPOSED|DIRECTOR_REVIEW_REQUIRED,hbsag,HBsAg,LABORATORIO,"[""Ag. de superficie del VHB""]",[],[],"[""Ag. de superficie del VHB""]",[],[],Antígeno de superficie de hepatitis B,[],"[""hbsag"", ""ag"", ""de"", ""superficie"", ""del"", ""vhb"", ""antigeno"", ""hepatitis"", ""b""]",TOKEN_PREFIX_3;EXACT_APPROVED_ABBREVIATION,"[""ant""]","[""hepatitis_serology""]",PREFIX_AMBIGUITY|COMMON_DISPLAY_PROPOSAL,KEEP_CANONICAL_IDENTITY|REVIEW_SECONDARY_COMMON_DISPLAY|REQUIRE_DISAMBIGUATION,"[""LIVE_CATALOG_2026-10-04"", ""FEATURED02_NAV_V1""]","Secondary common display is proposed, not current UI."
AUDIT_ONLY|PROPOSED|DIRECTOR_REVIEW_REQUIRED,hcv_ab,VHC (anticuerpos),LABORATORIO,"[""Acs. anti-VHC""]",[],[],"[""Acs. anti-VHC"", ""VHC""]",[],[],Anticuerpos contra hepatitis C,[],"[""vhc"", ""anticuerpos"", ""acs"", ""anti"", ""contra"", ""hepatitis"", ""c"", ""hcv"", ""ab""]",TOKEN_PREFIX_3;EXACT_APPROVED_ABBREVIATION,"[""ant""]","[""hepatitis_serology""]",PREFIX_AMBIGUITY|COMMON_DISPLAY_PROPOSAL,KEEP_CANONICAL_IDENTITY|REVIEW_SECONDARY_COMMON_DISPLAY|REQUIRE_DISAMBIGUATION,"[""LIVE_CATALOG_2026-10-04"", ""FEATURED02_NAV_V1""]","Secondary common display is proposed, not current UI."
AUDIT_ONLY|PROPOSED|DIRECTOR_REVIEW_REQUIRED,hdl,HDL,LABORATORIO,"[""Colesterol HDL""]",[],"[""Colesterol HDL""]","[""HDL""]",[],[],,[],"[""hdl"", ""colesterol""]",TOKEN_PREFIX_3;EXACT_APPROVED_ABBREVIATION,[],"[""chemistry""]",LOW_CURRENT_TERM_ONLY,KEEP_CANONICAL_IDENTITY|NO_EXTRA_TERM_PROPOSED,"[""LIVE_CATALOG_2026-10-04"", ""FEATURED02_NAV_V1""]",Canonical display and current aliases audited; no unverified synonym inferred.
AUDIT_ONLY|PROPOSED|DIRECTOR_REVIEW_REQUIRED,hiv_ag_ac,VIH Ag/Ac,LABORATORIO,"[""Virus de inmunodeficiencia humana""]","[""Virus de inmunodeficiencia humana""]","[""Virus de inmunodeficiencia humana""]","[""VIH Ag/Ac""]",[],[],,[],"[""vih"", ""ag"", ""ac"", ""virus"", ""de"", ""inmunodeficiencia"", ""humana"", ""hiv""]",TOKEN_PREFIX_3;EXACT_APPROVED_ABBREVIATION,[],"[""infectious_serology""]",EXISTING_ALIAS_SCOPE_REVIEW,KEEP_CANONICAL_IDENTITY|REVIEW_EXISTING_ALIAS_SCOPE,"[""LIVE_CATALOG_2026-10-04"", ""FEATURED02_NAV_V1""]",Existing accepted alias is preserved; any narrower future scope requires Director review and compatibility handling.
AUDIT_ONLY|PROPOSED|DIRECTOR_REVIEW_REQUIRED,iga,IgA,LABORATORIO,[],[],[],[],[],[],,[],"[""iga""]",TOKEN_PREFIX_3;EXACT_APPROVED_ABBREVIATION,[],"[""immunoglobulins""]",LOW_CURRENT_TERM_ONLY,KEEP_CANONICAL_IDENTITY|NO_EXTRA_TERM_PROPOSED,"[""LIVE_CATALOG_2026-10-04"", ""FEATURED02_NAV_V1""]",Canonical display and current aliases audited; no unverified synonym inferred.
AUDIT_ONLY|PROPOSED|DIRECTOR_REVIEW_REQUIRED,igg,IgG,LABORATORIO,[],[],[],[],[],[],,[],"[""igg""]",TOKEN_PREFIX_3;EXACT_APPROVED_ABBREVIATION,[],"[""immunoglobulins""]",LOW_CURRENT_TERM_ONLY,KEEP_CANONICAL_IDENTITY|NO_EXTRA_TERM_PROPOSED,"[""LIVE_CATALOG_2026-10-04"", ""FEATURED02_NAV_V1""]",Canonical display and current aliases audited; no unverified synonym inferred.
AUDIT_ONLY|PROPOSED|DIRECTOR_REVIEW_REQUIRED,igm,IgM,LABORATORIO,[],[],[],[],[],[],,[],"[""igm""]",TOKEN_PREFIX_3;EXACT_APPROVED_ABBREVIATION,[],"[""immunoglobulins""]",LOW_CURRENT_TERM_ONLY,KEEP_CANONICAL_IDENTITY|NO_EXTRA_TERM_PROPOSED,"[""LIVE_CATALOG_2026-10-04"", ""FEATURED02_NAV_V1""]",Canonical display and current aliases audited; no unverified synonym inferred.
AUDIT_ONLY|PROPOSED|DIRECTOR_REVIEW_REQUIRED,insulin_serum,Insulina sérica,LABORATORIO,"[""Insulina"", ""Insulina en suero""]","[""Insulina""]","[""Insulina"", ""Insulina en suero""]",[],[],[],,[],"[""insulina"", ""serica"", ""en"", ""suero"", ""insulin"", ""serum""]",TOKEN_PREFIX_3;EXACT_APPROVED_ABBREVIATION,[],"[""endocrine""]",EXISTING_ALIAS_SCOPE_REVIEW,KEEP_CANONICAL_IDENTITY|REVIEW_EXISTING_ALIAS_SCOPE,"[""LIVE_CATALOG_2026-10-04"", ""FEATURED02_NAV_V1""]",Existing accepted alias is preserved; any narrower future scope requires Director review and compatibility handling.
AUDIT_ONLY|PROPOSED|DIRECTOR_REVIEW_REQUIRED,iron,Hierro sérico,LABORATORIO,[],[],[],[],[],[],,[],"[""hierro"", ""serico"", ""iron""]",TOKEN_PREFIX_3;EXACT_APPROVED_ABBREVIATION,[],"[""hematology""]",LOW_CURRENT_TERM_ONLY,KEEP_CANONICAL_IDENTITY|NO_EXTRA_TERM_PROPOSED,"[""LIVE_CATALOG_2026-10-04"", ""FEATURED02_NAV_V1""]",Canonical display and current aliases audited; no unverified synonym inferred.
AUDIT_ONLY|PROPOSED|DIRECTOR_REVIEW_REQUIRED,lab_ag_helicobacter_pylori,Antígeno de Helicobacter pylori en heces,LABORATORIO,"[""Ag. Helicobacter pylori"", ""Antígeno H. pylori en heces""]",[],"[""Ag. Helicobacter pylori"", ""Antígeno H. pylori en heces""]",[],[],[],,[],"[""antigeno"", ""de"", ""helicobacter"", ""pylori"", ""en"", ""heces"", ""ag"", ""h"", ""lab""]",TOKEN_PREFIX_3;EXACT_APPROVED_ABBREVIATION,"[""ant""]","[""stool""]",PREFIX_AMBIGUITY,KEEP_CANONICAL_IDENTITY|REQUIRE_DISAMBIGUATION,"[""LIVE_CATALOG_2026-10-04"", ""FEATURED02_NAV_V1""]",Canonical display and current aliases audited; no unverified synonym inferred.
AUDIT_ONLY|PROPOSED|DIRECTOR_REVIEW_REQUIRED,lab_amonio,Amonio,LABORATORIO,"[""Amoníaco plasmático""]",[],"[""Amoníaco plasmático""]",[],[],[],,[],"[""amonio"", ""amoniaco"", ""plasmatico"", ""lab""]",TOKEN_PREFIX_3;EXACT_APPROVED_ABBREVIATION,[],"[""chemistry""]",LOW_CURRENT_TERM_ONLY,KEEP_CANONICAL_IDENTITY|NO_EXTRA_TERM_PROPOSED,"[""LIVE_CATALOG_2026-10-04"", ""FEATURED02_NAV_V1""]",Canonical display and current aliases audited; no unverified synonym inferred.
AUDIT_ONLY|PROPOSED|DIRECTOR_REVIEW_REQUIRED,lab_calprotectina_cuantificada,Calprotectina fecal cuantitativa,LABORATORIO,"[""Calprotectina cuantificada"", ""Calprotectina fecal""]",[],"[""Calprotectina cuantificada"", ""Calprotectina fecal""]",[],[],[],,[],"[""calprotectina"", ""fecal"", ""cuantitativa"", ""cuantificada"", ""lab""]",TOKEN_PREFIX_3;EXACT_APPROVED_ABBREVIATION,[],"[""stool""]",LOW_CURRENT_TERM_ONLY,KEEP_CANONICAL_IDENTITY|NO_EXTRA_TERM_PROPOSED,"[""LIVE_CATALOG_2026-10-04"", ""FEATURED02_NAV_V1""]",Canonical display and current aliases audited; no unverified synonym inferred.
AUDIT_ONLY|PROPOSED|DIRECTOR_REVIEW_REQUIRED,lab_ck_mb,Creatina cinasa MB,LABORATORIO,"[""CK-MB"", ""CK MB""]",[],[],"[""CK-MB"", ""CK MB""]",[],[],,[],"[""creatina"", ""cinasa"", ""mb"", ""ck"", ""lab""]",TOKEN_PREFIX_3;EXACT_APPROVED_ABBREVIATION,[],"[""chemistry""]",LOW_CURRENT_TERM_ONLY,KEEP_CANONICAL_IDENTITY|NO_EXTRA_TERM_PROPOSED,"[""LIVE_CATALOG_2026-10-04"", ""FEATURED02_NAV_V1""]",Canonical display and current aliases audited; no unverified synonym inferred.
AUDIT_ONLY|PROPOSED|DIRECTOR_REVIEW_REQUIRED,lab_coombs_directo,Coombs directo,LABORATORIO,"[""Prueba de antiglobulina directa"", ""DAT""]",[],"[""Prueba de antiglobulina directa""]","[""DAT""]",[],[],,[],"[""coombs"", ""directo"", ""dat"", ""prueba"", ""de"", ""antiglobulina"", ""directa"", ""lab""]",TOKEN_PREFIX_3;EXACT_APPROVED_ABBREVIATION,"[""ant""]","[""hematology""]",PREFIX_AMBIGUITY,KEEP_CANONICAL_IDENTITY|REQUIRE_DISAMBIGUATION,"[""LIVE_CATALOG_2026-10-04"", ""FEATURED02_NAV_V1""]",Canonical display and current aliases audited; no unverified synonym inferred.
AUDIT_ONLY|PROPOSED|DIRECTOR_REVIEW_REQUIRED,lab_coombs_indirecto,Coombs indirecto,LABORATORIO,"[""Prueba de antiglobulina indirecta"", ""IAT""]",[],"[""Prueba de antiglobulina indirecta""]","[""IAT""]",[],[],,[],"[""coombs"", ""indirecto"", ""iat"", ""prueba"", ""de"", ""antiglobulina"", ""indirecta"", ""lab""]",TOKEN_PREFIX_3;EXACT_APPROVED_ABBREVIATION,"[""ant""]","[""hematology""]",PREFIX_AMBIGUITY,KEEP_CANONICAL_IDENTITY|REQUIRE_DISAMBIGUATION,"[""LIVE_CATALOG_2026-10-04"", ""FEATURED02_NAV_V1""]",Canonical display and current aliases audited; no unverified synonym inferred.
AUDIT_ONLY|PROPOSED|DIRECTOR_REVIEW_REQUIRED,lab_cpk,Creatina cinasa total,LABORATORIO,"[""CPK"", ""CK total""]",[],"[""CK total""]","[""CPK""]",[],[],,[],"[""creatina"", ""cinasa"", ""total"", ""cpk"", ""ck"", ""lab""]",TOKEN_PREFIX_3;EXACT_APPROVED_ABBREVIATION,[],"[""chemistry""]",LOW_CURRENT_TERM_ONLY,KEEP_CANONICAL_IDENTITY|NO_EXTRA_TERM_PROPOSED,"[""LIVE_CATALOG_2026-10-04"", ""FEATURED02_NAV_V1""]",Canonical display and current aliases audited; no unverified synonym inferred.
AUDIT_ONLY|PROPOSED|DIRECTOR_REVIEW_REQUIRED,lab_frotis_sanguineo,Frotis sanguíneo,LABORATORIO,"[""Frotis de sangre periférica""]",[],"[""Frotis de sangre periférica""]",[],[],[],,[],"[""frotis"", ""sanguineo"", ""de"", ""sangre"", ""periferica"", ""lab""]",TOKEN_PREFIX_3;EXACT_APPROVED_ABBREVIATION,[],"[""hematology""]",LOW_CURRENT_TERM_ONLY,KEEP_CANONICAL_IDENTITY|NO_EXTRA_TERM_PROPOSED,"[""LIVE_CATALOG_2026-10-04"", ""FEATURED02_NAV_V1""]",Canonical display and current aliases audited; no unverified synonym inferred.
AUDIT_ONLY|PROPOSED|DIRECTOR_REVIEW_REQUIRED,lab_litio,Litio,LABORATORIO,"[""Nivel de litio""]",[],"[""Nivel de litio""]",[],[],[],,[],"[""litio"", ""nivel"", ""de"", ""lab""]",TOKEN_PREFIX_3;EXACT_APPROVED_ABBREVIATION,[],"[""drugs""]",LOW_CURRENT_TERM_ONLY,KEEP_CANONICAL_IDENTITY|NO_EXTRA_TERM_PROPOSED,"[""LIVE_CATALOG_2026-10-04"", ""FEATURED02_NAV_V1""]",Canonical display and current aliases audited; no unverified synonym inferred.
AUDIT_ONLY|PROPOSED|DIRECTOR_REVIEW_REQUIRED,lab_reticulocitos,Reticulocitos,LABORATORIO,"[""Recuento de reticulocitos""]",[],"[""Recuento de reticulocitos""]",[],[],[],,[],"[""reticulocitos"", ""recuento"", ""de"", ""lab""]",TOKEN_PREFIX_3;EXACT_APPROVED_ABBREVIATION,[],"[""hematology""]",LOW_CURRENT_TERM_ONLY,KEEP_CANONICAL_IDENTITY|NO_EXTRA_TERM_PROPOSED,"[""LIVE_CATALOG_2026-10-04"", ""FEATURED02_NAV_V1""]",Canonical display and current aliases audited; no unverified synonym inferred.
AUDIT_ONLY|PROPOSED|DIRECTOR_REVIEW_REQUIRED,lab_tiempo_de_protrombina,Tiempo de protrombina,LABORATORIO,"[""TP"", ""PT""]",[],[],"[""TP"", ""PT""]",[],[],,[],"[""tiempo"", ""de"", ""protrombina"", ""tp"", ""pt"", ""lab""]",TOKEN_PREFIX_3;EXACT_APPROVED_ABBREVIATION,"[""pro""]","[""coagulation""]",PREFIX_AMBIGUITY,KEEP_CANONICAL_IDENTITY|REQUIRE_DISAMBIGUATION,"[""LIVE_CATALOG_2026-10-04"", ""FEATURED02_NAV_V1""]",Canonical display and current aliases audited; no unverified synonym inferred.
AUDIT_ONLY|PROPOSED|DIRECTOR_REVIEW_REQUIRED,lab_tiempo_de_trombina,Tiempo de trombina,LABORATORIO,"[""TT""]",[],[],"[""TT""]",[],[],,[],"[""tiempo"", ""de"", ""trombina"", ""tt"", ""lab""]",TOKEN_PREFIX_3;EXACT_APPROVED_ABBREVIATION,[],"[""coagulation""]",LOW_CURRENT_TERM_ONLY,KEEP_CANONICAL_IDENTITY|NO_EXTRA_TERM_PROPOSED,"[""LIVE_CATALOG_2026-10-04"", ""FEATURED02_NAV_V1""]",Canonical display and current aliases audited; no unverified synonym inferred.
AUDIT_ONLY|PROPOSED|DIRECTOR_REVIEW_REQUIRED,ldh_serum,Lactato deshidrogenasa sérica,LABORATORIO,"[""LDH sérica"", ""DHL sérica"", ""Lactato deshidrogenasa en suero""]",[],"[""Lactato deshidrogenasa en suero""]","[""LDH sérica"", ""DHL sérica""]",[],[],,[],"[""lactato"", ""deshidrogenasa"", ""serica"", ""ldh"", ""dhl"", ""en"", ""suero"", ""serum""]",TOKEN_PREFIX_3;EXACT_APPROVED_ABBREVIATION,"[""LDH""]","[""chemistry""]",PREFIX_AMBIGUITY,KEEP_CANONICAL_IDENTITY|REQUIRE_DISAMBIGUATION,"[""LIVE_CATALOG_2026-10-04"", ""FEATURED02_NAV_V1""]",Canonical display and current aliases audited; no unverified synonym inferred.
AUDIT_ONLY|PROPOSED|DIRECTOR_REVIEW_REQUIRED,ldl,LDL,LABORATORIO,"[""Colesterol LDL""]",[],"[""Colesterol LDL""]","[""LDL""]",[],[],,[],"[""ldl"", ""colesterol""]",TOKEN_PREFIX_3;EXACT_APPROVED_ABBREVIATION,[],"[""chemistry""]",LOW_CURRENT_TERM_ONLY,KEEP_CANONICAL_IDENTITY|NO_EXTRA_TERM_PROPOSED,"[""LIVE_CATALOG_2026-10-04"", ""FEATURED02_NAV_V1""]",Canonical display and current aliases audited; no unverified synonym inferred.
AUDIT_ONLY|PROPOSED|DIRECTOR_REVIEW_REQUIRED,lh,LH,LABORATORIO,"[""Hormona luteinizante""]",[],"[""Hormona luteinizante""]","[""LH""]",[],[],Hormona luteinizante,[],"[""lh"", ""hormona"", ""luteinizante""]",TOKEN_PREFIX_3;EXACT_APPROVED_ABBREVIATION,[],"[""endocrine""]",COMMON_DISPLAY_PROPOSAL,KEEP_CANONICAL_IDENTITY|REVIEW_SECONDARY_COMMON_DISPLAY,"[""LIVE_CATALOG_2026-10-04"", ""FEATURED02_NAV_V1""]","Secondary common display is proposed, not current UI."
AUDIT_ONLY|PROPOSED|DIRECTOR_REVIEW_REQUIRED,lipase,Lipasa,LABORATORIO,[],[],[],[],[],[],,[],"[""lipasa"", ""lipase""]",TOKEN_PREFIX_3;EXACT_APPROVED_ABBREVIATION,[],"[""chemistry""]",LOW_CURRENT_TERM_ONLY,KEEP_CANONICAL_IDENTITY|NO_EXTRA_TERM_PROPOSED,"[""LIVE_CATALOG_2026-10-04"", ""FEATURED02_NAV_V1""]",Canonical display and current aliases audited; no unverified synonym inferred.
AUDIT_ONLY|PROPOSED|DIRECTOR_REVIEW_REQUIRED,magnesium,Magnesio,LABORATORIO,[],[],[],[],[],[],,[],"[""magnesio"", ""magnesium""]",TOKEN_PREFIX_3;EXACT_APPROVED_ABBREVIATION,[],"[""chemistry""]",LOW_CURRENT_TERM_ONLY,KEEP_CANONICAL_IDENTITY|NO_EXTRA_TERM_PROPOSED,"[""LIVE_CATALOG_2026-10-04"", ""FEATURED02_NAV_V1""]",Canonical display and current aliases audited; no unverified synonym inferred.
AUDIT_ONLY|PROPOSED|DIRECTOR_REVIEW_REQUIRED,microalbumin,Microalbuminuria,LABORATORIO,"[""Microalbúmina""]","[""Microalbúmina""]","[""Microalbúmina""]",[],[],[],,[],"[""microalbuminuria"", ""microalbumina"", ""microalbumin""]",TOKEN_PREFIX_3;EXACT_APPROVED_ABBREVIATION,[],"[""urine""]",EXISTING_ALIAS_SCOPE_REVIEW,KEEP_CANONICAL_IDENTITY|REVIEW_EXISTING_ALIAS_SCOPE,"[""LIVE_CATALOG_2026-10-04"", ""FEATURED02_NAV_V1""]",Existing accepted alias is preserved; any narrower future scope requires Director review and compatibility handling.
AUDIT_ONLY|PROPOSED|DIRECTOR_REVIEW_REQUIRED,non_hdl,Colesterol no-HDL,LABORATORIO,[],[],[],[],[],[],,[],"[""colesterol"", ""no"", ""hdl"", ""non""]",TOKEN_PREFIX_3;EXACT_APPROVED_ABBREVIATION,[],"[""chemistry""]",LOW_CURRENT_TERM_ONLY,KEEP_CANONICAL_IDENTITY|NO_EXTRA_TERM_PROPOSED,"[""LIVE_CATALOG_2026-10-04"", ""FEATURED02_NAV_V1""]",Canonical display and current aliases audited; no unverified synonym inferred.
AUDIT_ONLY|PROPOSED|DIRECTOR_REVIEW_REQUIRED,ogtt,Curva de glucosa (OGTT),LABORATORIO,"[""OGTT"", ""Curva de tolerancia glucosa"", ""Curva de tolerancia oral a la glucosa""]",[],"[""Curva de tolerancia glucosa"", ""Curva de tolerancia oral a la glucosa""]","[""OGTT""]",[],[],,[],"[""curva"", ""de"", ""glucosa"", ""ogtt"", ""tolerancia"", ""oral"", ""a"", ""la""]",TOKEN_PREFIX_3;EXACT_APPROVED_ABBREVIATION,"[""glu""]","[""endocrine""]",PREFIX_AMBIGUITY,KEEP_CANONICAL_IDENTITY|REQUIRE_DISAMBIGUATION,"[""LIVE_CATALOG_2026-10-04"", ""FEATURED02_NAV_V1""]",Canonical display and current aliases audited; no unverified synonym inferred.
AUDIT_ONLY|PROPOSED|DIRECTOR_REVIEW_REQUIRED,phosphorus,Fósforo,LABORATORIO,[],[],[],[],[],[],,[],"[""fosforo"", ""phosphorus""]",TOKEN_PREFIX_3;EXACT_APPROVED_ABBREVIATION,[],"[""chemistry""]",LOW_CURRENT_TERM_ONLY,KEEP_CANONICAL_IDENTITY|NO_EXTRA_TERM_PROPOSED,"[""LIVE_CATALOG_2026-10-04"", ""FEATURED02_NAV_V1""]",Canonical display and current aliases audited; no unverified synonym inferred.
AUDIT_ONLY|PROPOSED|DIRECTOR_REVIEW_REQUIRED,platelets,Plaquetas,LABORATORIO,[],[],[],[],[],[],,[],"[""plaquetas"", ""platelets""]",TOKEN_PREFIX_3;EXACT_APPROVED_ABBREVIATION,[],"[""hematology""]",LOW_CURRENT_TERM_ONLY,KEEP_CANONICAL_IDENTITY|NO_EXTRA_TERM_PROPOSED,"[""LIVE_CATALOG_2026-10-04"", ""FEATURED02_NAV_V1""]",Canonical display and current aliases audited; no unverified synonym inferred.
AUDIT_ONLY|PROPOSED|DIRECTOR_REVIEW_REQUIRED,post_vasectomy_semen_check,Control de semen posvasectomía,LABORATORIO,[],[],[],[],[],[],,[],"[""control"", ""de"", ""semen"", ""posvasectomia"", ""post"", ""vasectomy"", ""check""]",TOKEN_PREFIX_3;EXACT_APPROVED_ABBREVIATION,[],"[""urine""]",LOW_CURRENT_TERM_ONLY,KEEP_CANONICAL_IDENTITY|NO_EXTRA_TERM_PROPOSED,"[""LIVE_CATALOG_2026-10-04"", ""FEATURED02_NAV_V1""]",Canonical display and current aliases audited; no unverified synonym inferred.
AUDIT_ONLY|PROPOSED|DIRECTOR_REVIEW_REQUIRED,potassium,Potasio,LABORATORIO,[],[],[],[],[],[],,[],"[""potasio"", ""potassium""]",TOKEN_PREFIX_3;EXACT_APPROVED_ABBREVIATION,[],"[""chemistry""]",LOW_CURRENT_TERM_ONLY,KEEP_CANONICAL_IDENTITY|NO_EXTRA_TERM_PROPOSED,"[""LIVE_CATALOG_2026-10-04"", ""FEATURED02_NAV_V1""]",Canonical display and current aliases audited; no unverified synonym inferred.
AUDIT_ONLY|PROPOSED|DIRECTOR_REVIEW_REQUIRED,procalcitonin_serum,Procalcitonina sérica,LABORATORIO,"[""PCT"", ""Procalcitonina en suero""]",[],"[""Procalcitonina en suero""]","[""PCT""]",[],[],,[],"[""procalcitonina"", ""serica"", ""pct"", ""en"", ""suero"", ""procalcitonin"", ""serum""]",TOKEN_PREFIX_3;EXACT_APPROVED_ABBREVIATION,"[""pro""]","[""inflammation""]",PREFIX_AMBIGUITY,KEEP_CANONICAL_IDENTITY|REQUIRE_DISAMBIGUATION,"[""LIVE_CATALOG_2026-10-04"", ""FEATURED02_NAV_V1""]",Canonical display and current aliases audited; no unverified synonym inferred.
AUDIT_ONLY|PROPOSED|DIRECTOR_REVIEW_REQUIRED,progesterone,Progesterona,LABORATORIO,[],[],[],[],[],[],,[],"[""progesterona"", ""progesterone""]",TOKEN_PREFIX_3;EXACT_APPROVED_ABBREVIATION,"[""pro""]","[""endocrine""]",PREFIX_AMBIGUITY,KEEP_CANONICAL_IDENTITY|REQUIRE_DISAMBIGUATION,"[""LIVE_CATALOG_2026-10-04"", ""FEATURED02_NAV_V1""]",Canonical display and current aliases audited; no unverified synonym inferred.
AUDIT_ONLY|PROPOSED|DIRECTOR_REVIEW_REQUIRED,prolactin,Prolactina,LABORATORIO,[],[],[],[],[],[],,[],"[""prolactina"", ""prolactin""]",TOKEN_PREFIX_3;EXACT_APPROVED_ABBREVIATION,"[""pro""]","[""endocrine""]",PREFIX_AMBIGUITY,KEEP_CANONICAL_IDENTITY|REQUIRE_DISAMBIGUATION,"[""LIVE_CATALOG_2026-10-04"", ""FEATURED02_NAV_V1""]",Canonical display and current aliases audited; no unverified synonym inferred.
AUDIT_ONLY|PROPOSED|DIRECTOR_REVIEW_REQUIRED,psa_free,Antígeno prostático específico libre,LABORATORIO,"[""PSA libre"", ""APE libre"", ""Antígeno prostático libre""]",[],"[""Antígeno prostático libre""]","[""PSA libre"", ""APE libre""]",[],[],PSA libre,"[""próstata""]","[""antigeno"", ""prostatico"", ""especifico"", ""libre"", ""psa"", ""ape"", ""prostata"", ""free""]",TOKEN_PREFIX_3;EXPLICIT_SHORT_RULES,"[""PSA"", ""pro"", ""ant""]","[""tumor""]",PREFIX_AMBIGUITY|DISCOVERY_NOT_SYNONYM|COMMON_DISPLAY_PROPOSAL,KEEP_CANONICAL_IDENTITY|REVIEW_SECONDARY_COMMON_DISPLAY|REVIEW_RANK_ONLY_DISCOVERY|REQUIRE_DISAMBIGUATION,"[""LIVE_CATALOG_2026-10-04"", ""FEATURED02_NAV_V1"", ""NIH_PSA"", ""CAT04A""]","Generic PSA/APE is not an exact alias; retain total/libre qualifier. Secondary common display is proposed, not current UI."
AUDIT_ONLY|PROPOSED|DIRECTOR_REVIEW_REQUIRED,psa_total,Antígeno prostático específico total,LABORATORIO,"[""PSA total"", ""APE total"", ""Antígeno prostático total""]",[],"[""Antígeno prostático total""]","[""PSA total"", ""APE total""]",[],[],PSA total,"[""próstata""]","[""antigeno"", ""prostatico"", ""especifico"", ""total"", ""psa"", ""ape"", ""prostata""]",TOKEN_PREFIX_3;EXPLICIT_SHORT_RULES,"[""PSA"", ""pro"", ""ant""]","[""tumor""]",PREFIX_AMBIGUITY|DISCOVERY_NOT_SYNONYM|COMMON_DISPLAY_PROPOSAL,KEEP_CANONICAL_IDENTITY|REVIEW_SECONDARY_COMMON_DISPLAY|REVIEW_RANK_ONLY_DISCOVERY|REQUIRE_DISAMBIGUATION,"[""LIVE_CATALOG_2026-10-04"", ""FEATURED02_NAV_V1"", ""NIH_PSA"", ""CAT04A""]","Generic PSA/APE is not an exact alias; retain total/libre qualifier. Secondary common display is proposed, not current UI."
AUDIT_ONLY|PROPOSED|DIRECTOR_REVIEW_REQUIRED,pth_intact,Paratohormona intacta,LABORATORIO,"[""PTH intacta"", ""Hormona paratiroidea intacta""]",[],"[""Hormona paratiroidea intacta""]","[""PTH intacta""]",[],[],,[],"[""paratohormona"", ""intacta"", ""pth"", ""hormona"", ""paratiroidea"", ""intact""]",TOKEN_PREFIX_3;EXACT_APPROVED_ABBREVIATION,[],"[""endocrine""]",LOW_CURRENT_TERM_ONLY,KEEP_CANONICAL_IDENTITY|NO_EXTRA_TERM_PROPOSED,"[""LIVE_CATALOG_2026-10-04"", ""FEATURED02_NAV_V1""]",Canonical display and current aliases audited; no unverified synonym inferred.
AUDIT_ONLY|PROPOSED|DIRECTOR_REVIEW_REQUIRED,rf,Factor reumatoide,LABORATORIO,[],[],[],[],[],[],,[],"[""factor"", ""reumatoide"", ""rf""]",TOKEN_PREFIX_3;EXACT_APPROVED_ABBREVIATION,[],"[""autoimmunity""]",LOW_CURRENT_TERM_ONLY,KEEP_CANONICAL_IDENTITY|NO_EXTRA_TERM_PROPOSED,"[""LIVE_CATALOG_2026-10-04"", ""FEATURED02_NAV_V1""]",Canonical display and current aliases audited; no unverified synonym inferred.
AUDIT_ONLY|PROPOSED|DIRECTOR_REVIEW_REQUIRED,semen_analysis,Espermatobioscopía básica,LABORATORIO,"[""Análisis de semen"", ""Espermatograma""]",[],"[""Análisis de semen"", ""Espermatograma""]",[],[],[],,[],"[""espermatobioscopia"", ""basica"", ""analisis"", ""de"", ""semen"", ""espermatograma"", ""analysis""]",TOKEN_PREFIX_3;EXACT_APPROVED_ABBREVIATION,[],"[""urine""]",LOW_CURRENT_TERM_ONLY,KEEP_CANONICAL_IDENTITY|NO_EXTRA_TERM_PROPOSED,"[""LIVE_CATALOG_2026-10-04"", ""FEATURED02_NAV_V1""]",Canonical display and current aliases audited; no unverified synonym inferred.
AUDIT_ONLY|PROPOSED|DIRECTOR_REVIEW_REQUIRED,sodium,Sodio,LABORATORIO,[],[],[],[],[],[],,[],"[""sodio"", ""sodium""]",TOKEN_PREFIX_3;EXACT_APPROVED_ABBREVIATION,[],"[""chemistry""]",LOW_CURRENT_TERM_ONLY,KEEP_CANONICAL_IDENTITY|NO_EXTRA_TERM_PROPOSED,"[""LIVE_CATALOG_2026-10-04"", ""FEATURED02_NAV_V1""]",Canonical display and current aliases audited; no unverified synonym inferred.
AUDIT_ONLY|PROPOSED|DIRECTOR_REVIEW_REQUIRED,sterile_body_fluid_bacterial_culture,Cultivo bacteriano de líquido estéril,LABORATORIO,[],[],[],[],[],[],,[],"[""cultivo"", ""bacteriano"", ""de"", ""liquido"", ""esteril"", ""sterile"", ""body"", ""fluid"", ""bacterial"", ""culture""]",TOKEN_PREFIX_3;EXACT_APPROVED_ABBREVIATION,[],"[""microbiology""]",LOW_CURRENT_TERM_ONLY,KEEP_CANONICAL_IDENTITY|NO_EXTRA_TERM_PROPOSED,"[""LIVE_CATALOG_2026-10-04"", ""FEATURED02_NAV_V1""]",Canonical display and current aliases audited; no unverified synonym inferred.
AUDIT_ONLY|PROPOSED|DIRECTOR_REVIEW_REQUIRED,stool_culture,Coprocultivo,LABORATORIO,[],[],[],[],[],[],,[],"[""coprocultivo"", ""stool"", ""culture""]",TOKEN_PREFIX_3;EXACT_APPROVED_ABBREVIATION,[],"[""microbiology"", ""stool""]",MULTI_LEAF_NAVIGATION,KEEP_CANONICAL_IDENTITY|NO_EXTRA_TERM_PROPOSED,"[""LIVE_CATALOG_2026-10-04"", ""FEATURED02_NAV_V1""]",Multiple navigation leaves refer to one canonical key.
AUDIT_ONLY|PROPOSED|DIRECTOR_REVIEW_REQUIRED,stool_ova_parasites,Coproparasitoscópico,LABORATORIO,[],[],[],[],[],[],,[],"[""coproparasitoscopico"", ""stool"", ""ova"", ""parasites""]",TOKEN_PREFIX_3;EXACT_APPROVED_ABBREVIATION,[],"[""stool""]",LOW_CURRENT_TERM_ONLY,KEEP_CANONICAL_IDENTITY|NO_EXTRA_TERM_PROPOSED,"[""LIVE_CATALOG_2026-10-04"", ""FEATURED02_NAV_V1""]",Canonical display and current aliases audited; no unverified synonym inferred.
AUDIT_ONLY|PROPOSED|DIRECTOR_REVIEW_REQUIRED,synovial_crystals,Cristales en líquido sinovial,LABORATORIO,"[""Cristales sinoviales""]",[],"[""Cristales sinoviales""]",[],[],[],,[],"[""cristales"", ""en"", ""liquido"", ""sinovial"", ""sinoviales"", ""synovial"", ""crystals""]",TOKEN_PREFIX_3;EXACT_APPROVED_ABBREVIATION,[],"[""urine""]",LOW_CURRENT_TERM_ONLY,KEEP_CANONICAL_IDENTITY|NO_EXTRA_TERM_PROPOSED,"[""LIVE_CATALOG_2026-10-04"", ""FEATURED02_NAV_V1""]",Canonical display and current aliases audited; no unverified synonym inferred.
AUDIT_ONLY|PROPOSED|DIRECTOR_REVIEW_REQUIRED,syphilis_vdrl_serum,VDRL sérico,LABORATORIO,"[""VDRL en suero"", ""Prueba VDRL sérica""]",[],"[""VDRL en suero"", ""Prueba VDRL sérica""]","[""VDRL sérico""]",[],[],,[],"[""vdrl"", ""serico"", ""en"", ""suero"", ""prueba"", ""serica"", ""syphilis"", ""serum""]",TOKEN_PREFIX_3;EXACT_APPROVED_ABBREVIATION,"[""VDRL""]","[""infectious_serology""]",PREFIX_AMBIGUITY,KEEP_CANONICAL_IDENTITY|REQUIRE_DISAMBIGUATION,"[""LIVE_CATALOG_2026-10-04"", ""FEATURED02_NAV_V1""]",Canonical display and current aliases audited; no unverified synonym inferred.
AUDIT_ONLY|PROPOSED|DIRECTOR_REVIEW_REQUIRED,testosterone_free,Testosterona libre,LABORATORIO,[],[],[],[],[],[],,[],"[""testosterona"", ""libre"", ""testosterone"", ""free""]",TOKEN_PREFIX_3;EXACT_APPROVED_ABBREVIATION,[],"[""endocrine""]",LOW_CURRENT_TERM_ONLY,KEEP_CANONICAL_IDENTITY|NO_EXTRA_TERM_PROPOSED,"[""LIVE_CATALOG_2026-10-04"", ""FEATURED02_NAV_V1""]",Canonical display and current aliases audited; no unverified synonym inferred.
AUDIT_ONLY|PROPOSED|DIRECTOR_REVIEW_REQUIRED,testosterone_total,Testosterona total,LABORATORIO,[],[],[],[],[],[],,[],"[""testosterona"", ""total"", ""testosterone""]",TOKEN_PREFIX_3;EXACT_APPROVED_ABBREVIATION,[],"[""endocrine""]",LOW_CURRENT_TERM_ONLY,KEEP_CANONICAL_IDENTITY|NO_EXTRA_TERM_PROPOSED,"[""LIVE_CATALOG_2026-10-04"", ""FEATURED02_NAV_V1""]",Canonical display and current aliases audited; no unverified synonym inferred.
AUDIT_ONLY|PROPOSED|DIRECTOR_REVIEW_REQUIRED,throat_swab,Exudado faríngeo,LABORATORIO,[],[],[],[],[],[],,[],"[""exudado"", ""faringeo"", ""throat"", ""swab""]",TOKEN_PREFIX_3;EXACT_APPROVED_ABBREVIATION,[],"[""microbiology""]",LOW_CURRENT_TERM_ONLY,KEEP_CANONICAL_IDENTITY|NO_EXTRA_TERM_PROPOSED,"[""LIVE_CATALOG_2026-10-04"", ""FEATURED02_NAV_V1""]",Canonical display and current aliases audited; no unverified synonym inferred.
AUDIT_ONLY|PROPOSED|DIRECTOR_REVIEW_REQUIRED,tibc,CTFH (TIBC),LABORATORIO,"[""Capacidad de fijación total de hierro (transferrina)""]","[""Capacidad de fijación total de hierro (transferrina)""]","[""Capacidad de fijación total de hierro (transferrina)""]","[""CTFH"", ""TIBC""]",[],[],,[],"[""ctfh"", ""tibc"", ""capacidad"", ""de"", ""fijacion"", ""total"", ""hierro"", ""transferrina""]",TOKEN_PREFIX_3;EXACT_APPROVED_ABBREVIATION,[],"[""hematology""]",EXISTING_ALIAS_SCOPE_REVIEW,KEEP_CANONICAL_IDENTITY|REVIEW_EXISTING_ALIAS_SCOPE,"[""LIVE_CATALOG_2026-10-04"", ""FEATURED02_NAV_V1""]",Existing accepted alias is preserved; any narrower future scope requires Director review and compatibility handling.
AUDIT_ONLY|PROPOSED|DIRECTOR_REVIEW_REQUIRED,total_protein,Proteínas totales,LABORATORIO,[],[],[],[],[],[],,[],"[""proteinas"", ""totales"", ""total"", ""protein""]",TOKEN_PREFIX_3;EXACT_APPROVED_ABBREVIATION,"[""pro""]","[""chemistry""]",PREFIX_AMBIGUITY,KEEP_CANONICAL_IDENTITY|REQUIRE_DISAMBIGUATION,"[""LIVE_CATALOG_2026-10-04"", ""FEATURED02_NAV_V1""]",Canonical display and current aliases audited; no unverified synonym inferred.
AUDIT_ONLY|PROPOSED|DIRECTOR_REVIEW_REQUIRED,total_t3,Triyodotironina total,LABORATORIO,"[""T3 total""]",[],[],"[""T3 total""]",[],[],,[],"[""triyodotironina"", ""total"", ""t3""]",TOKEN_PREFIX_3;EXPLICIT_SHORT_RULES,"[""T3""]","[""endocrine""]",PREFIX_AMBIGUITY,KEEP_CANONICAL_IDENTITY|REQUIRE_DISAMBIGUATION,"[""LIVE_CATALOG_2026-10-04"", ""FEATURED02_NAV_V1"", ""NIH_THYROID""]",Canonical display and current aliases audited; no unverified synonym inferred.
AUDIT_ONLY|PROPOSED|DIRECTOR_REVIEW_REQUIRED,transferrin_sat,% Saturación transferrina,LABORATORIO,"[""% de saturación de transferrina""]",[],"[""% de saturación de transferrina""]",[],[],[],,[],"[""saturacion"", ""transferrina"", ""de"", ""transferrin"", ""sat""]",TOKEN_PREFIX_3;EXACT_APPROVED_ABBREVIATION,[],"[""hematology""]",LOW_CURRENT_TERM_ONLY,KEEP_CANONICAL_IDENTITY|NO_EXTRA_TERM_PROPOSED,"[""LIVE_CATALOG_2026-10-04"", ""FEATURED02_NAV_V1""]",Canonical display and current aliases audited; no unverified synonym inferred.
AUDIT_ONLY|PROPOSED|DIRECTOR_REVIEW_REQUIRED,triglycerides,Triglicéridos,LABORATORIO,[],[],[],[],[],[],,[],"[""trigliceridos"", ""triglycerides""]",TOKEN_PREFIX_3;EXACT_APPROVED_ABBREVIATION,[],"[""chemistry""]",LOW_CURRENT_TERM_ONLY,KEEP_CANONICAL_IDENTITY|NO_EXTRA_TERM_PROPOSED,"[""LIVE_CATALOG_2026-10-04"", ""FEATURED02_NAV_V1""]",Canonical display and current aliases audited; no unverified synonym inferred.
AUDIT_ONLY|PROPOSED|DIRECTOR_REVIEW_REQUIRED,tsh,TSH,LABORATORIO,"[""Hormona estimulante de tiroides""]",[],"[""Hormona estimulante de tiroides""]","[""TSH""]",[],[],Hormona estimulante de la tiroides,[],"[""tsh"", ""hormona"", ""estimulante"", ""de"", ""tiroides"", ""la""]",TOKEN_PREFIX_3;EXACT_APPROVED_ABBREVIATION,[],"[""endocrine""]",COMMON_DISPLAY_PROPOSAL,KEEP_CANONICAL_IDENTITY|REVIEW_SECONDARY_COMMON_DISPLAY,"[""LIVE_CATALOG_2026-10-04"", ""FEATURED02_NAV_V1"", ""NIH_THYROID""]","Secondary common display is proposed, not current UI."
AUDIT_ONLY|PROPOSED|DIRECTOR_REVIEW_REQUIRED,urea,Urea,LABORATORIO,[],[],[],[],[],[],,[],"[""urea""]",TOKEN_PREFIX_3;EXACT_APPROVED_ABBREVIATION,[],"[""chemistry""]",LOW_CURRENT_TERM_ONLY,KEEP_CANONICAL_IDENTITY|NO_EXTRA_TERM_PROPOSED,"[""LIVE_CATALOG_2026-10-04"", ""FEATURED02_NAV_V1""]",Canonical display and current aliases audited; no unverified synonym inferred.
AUDIT_ONLY|PROPOSED|DIRECTOR_REVIEW_REQUIRED,uric_acid,Ácido úrico,LABORATORIO,[],[],[],[],[],[],,[],"[""acido"", ""urico"", ""uric"", ""acid""]",TOKEN_PREFIX_3;EXACT_APPROVED_ABBREVIATION,[],"[""chemistry""]",LOW_CURRENT_TERM_ONLY,KEEP_CANONICAL_IDENTITY|NO_EXTRA_TERM_PROPOSED,"[""LIVE_CATALOG_2026-10-04"", ""FEATURED02_NAV_V1""]",Canonical display and current aliases audited; no unverified synonym inferred.
AUDIT_ONLY|PROPOSED|DIRECTOR_REVIEW_REQUIRED,urinalysis,EGO (examen general de orina),LABORATORIO,"[""EGO"", ""examen general de orina"", ""Examen general de orina""]",[],"[""examen general de orina"", ""Examen general de orina""]","[""EGO""]",[],[],,[],"[""ego"", ""examen"", ""general"", ""de"", ""orina"", ""urinalysis""]",TOKEN_PREFIX_3;EXACT_APPROVED_ABBREVIATION,[],"[""panels"", ""urine""]",MULTI_LEAF_NAVIGATION,KEEP_CANONICAL_IDENTITY|NO_EXTRA_TERM_PROPOSED,"[""LIVE_CATALOG_2026-10-04"", ""FEATURED02_NAV_V1""]",Multiple navigation leaves refer to one canonical key.
AUDIT_ONLY|PROPOSED|DIRECTOR_REVIEW_REQUIRED,urine_albumin_creatinine_panel,Albúmina y creatinina urinarias con relación (muestra aislada),LABORATORIO,"[""Relación albúmina/creatinina"", ""ACR urinaria""]",[],"[""Relación albúmina/creatinina""]","[""ACR urinaria""]",[],[],,[],"[""albumina"", ""y"", ""creatinina"", ""urinarias"", ""con"", ""relacion"", ""muestra"", ""aislada"", ""acr"", ""urinaria"", ""urine"", ""albumin"", ""creatinine"", ""panel""]",TOKEN_PREFIX_3;EXACT_APPROVED_ABBREVIATION,[],"[""urine""]",LOW_CURRENT_TERM_ONLY,KEEP_CANONICAL_IDENTITY|NO_EXTRA_TERM_PROPOSED,"[""LIVE_CATALOG_2026-10-04"", ""FEATURED02_NAV_V1""]",Canonical display and current aliases audited; no unverified synonym inferred.
AUDIT_ONLY|PROPOSED|DIRECTOR_REVIEW_REQUIRED,urine_creatinine_spot,Creatinina en orina (muestra aislada),LABORATORIO,[],[],[],[],[],[],,[],"[""creatinina"", ""en"", ""orina"", ""muestra"", ""aislada"", ""urine"", ""creatinine"", ""spot""]",TOKEN_PREFIX_3;EXACT_APPROVED_ABBREVIATION,[],"[""urine""]",LOW_CURRENT_TERM_ONLY,KEEP_CANONICAL_IDENTITY|NO_EXTRA_TERM_PROPOSED,"[""LIVE_CATALOG_2026-10-04"", ""FEATURED02_NAV_V1""]",Canonical display and current aliases audited; no unverified synonym inferred.
AUDIT_ONLY|PROPOSED|DIRECTOR_REVIEW_REQUIRED,urine_culture,Urocultivo,LABORATORIO,[],[],[],[],[],[],,[],"[""urocultivo"", ""urine"", ""culture""]",TOKEN_PREFIX_3;EXACT_APPROVED_ABBREVIATION,[],"[""microbiology"", ""urine""]",MULTI_LEAF_NAVIGATION,KEEP_CANONICAL_IDENTITY|NO_EXTRA_TERM_PROPOSED,"[""LIVE_CATALOG_2026-10-04"", ""FEATURED02_NAV_V1""]",Multiple navigation leaves refer to one canonical key.
AUDIT_ONLY|PROPOSED|DIRECTOR_REVIEW_REQUIRED,urine_osmolality,Osmolalidad urinaria,LABORATORIO,"[""Osmolaridad urinaria""]",[],"[""Osmolaridad urinaria""]",[],[],[],,[],"[""osmolalidad"", ""urinaria"", ""osmolaridad"", ""urine"", ""osmolality""]",TOKEN_PREFIX_3;EXACT_APPROVED_ABBREVIATION,[],"[""urine""]",LOW_CURRENT_TERM_ONLY,KEEP_CANONICAL_IDENTITY|NO_EXTRA_TERM_PROPOSED,"[""LIVE_CATALOG_2026-10-04"", ""FEATURED02_NAV_V1""]",Canonical display and current aliases audited; no unverified synonym inferred.
AUDIT_ONLY|PROPOSED|DIRECTOR_REVIEW_REQUIRED,urine_potassium_spot,Potasio en orina (muestra aislada),LABORATORIO,[],[],[],[],[],[],,[],"[""potasio"", ""en"", ""orina"", ""muestra"", ""aislada"", ""urine"", ""potassium"", ""spot""]",TOKEN_PREFIX_3;EXACT_APPROVED_ABBREVIATION,[],"[""urine""]",LOW_CURRENT_TERM_ONLY,KEEP_CANONICAL_IDENTITY|NO_EXTRA_TERM_PROPOSED,"[""LIVE_CATALOG_2026-10-04"", ""FEATURED02_NAV_V1""]",Canonical display and current aliases audited; no unverified synonym inferred.
AUDIT_ONLY|PROPOSED|DIRECTOR_REVIEW_REQUIRED,urine_pregnancy_qualitative,Prueba de embarazo en orina (cualitativa),LABORATORIO,[],[],[],[],[],[],,[],"[""prueba"", ""de"", ""embarazo"", ""en"", ""orina"", ""cualitativa"", ""urine"", ""pregnancy"", ""qualitative""]",TOKEN_PREFIX_3;EXACT_APPROVED_ABBREVIATION,[],"[""urine""]",LOW_CURRENT_TERM_ONLY,KEEP_CANONICAL_IDENTITY|NO_EXTRA_TERM_PROPOSED,"[""LIVE_CATALOG_2026-10-04"", ""FEATURED02_NAV_V1""]",Canonical display and current aliases audited; no unverified synonym inferred.
AUDIT_ONLY|PROPOSED|DIRECTOR_REVIEW_REQUIRED,urine_protein_creatinine_panel,Proteínas y creatinina urinarias con relación (muestra aislada),LABORATORIO,"[""Relación proteína/creatinina"", ""PCR urinaria""]",[],"[""Relación proteína/creatinina""]","[""PCR urinaria""]",[],[],,[],"[""proteinas"", ""y"", ""creatinina"", ""urinarias"", ""con"", ""relacion"", ""muestra"", ""aislada"", ""pcr"", ""urinaria"", ""proteina"", ""urine"", ""protein"", ""creatinine"", ""panel""]",TOKEN_PREFIX_3;EXACT_APPROVED_ABBREVIATION,"[""PCR"", ""pro""]","[""urine""]",PREFIX_AMBIGUITY,KEEP_CANONICAL_IDENTITY|REQUIRE_DISAMBIGUATION,"[""LIVE_CATALOG_2026-10-04"", ""FEATURED02_NAV_V1""]",Canonical display and current aliases audited; no unverified synonym inferred.
AUDIT_ONLY|PROPOSED|DIRECTOR_REVIEW_REQUIRED,urine_sodium_spot,Sodio en orina (muestra aislada),LABORATORIO,[],[],[],[],[],[],,[],"[""sodio"", ""en"", ""orina"", ""muestra"", ""aislada"", ""urine"", ""sodium"", ""spot""]",TOKEN_PREFIX_3;EXACT_APPROVED_ABBREVIATION,[],"[""urine""]",LOW_CURRENT_TERM_ONLY,KEEP_CANONICAL_IDENTITY|NO_EXTRA_TERM_PROPOSED,"[""LIVE_CATALOG_2026-10-04"", ""FEATURED02_NAV_V1""]",Canonical display and current aliases audited; no unverified synonym inferred.
AUDIT_ONLY|PROPOSED|DIRECTOR_REVIEW_REQUIRED,vaginal_swab,Exudado vaginal,LABORATORIO,[],[],[],[],[],[],,[],"[""exudado"", ""vaginal"", ""swab""]",TOKEN_PREFIX_3;EXACT_APPROVED_ABBREVIATION,[],"[""microbiology""]",LOW_CURRENT_TERM_ONLY,KEEP_CANONICAL_IDENTITY|NO_EXTRA_TERM_PROPOSED,"[""LIVE_CATALOG_2026-10-04"", ""FEATURED02_NAV_V1""]",Canonical display and current aliases audited; no unverified synonym inferred.
AUDIT_ONLY|PROPOSED|DIRECTOR_REVIEW_REQUIRED,vitamin_b12,Vitamina B12,LABORATORIO,[],[],[],[],[],[],,[],"[""vitamina"", ""b12"", ""vitamin""]",TOKEN_PREFIX_3;EXACT_APPROVED_ABBREVIATION,[],"[""chemistry""]",LOW_CURRENT_TERM_ONLY,KEEP_CANONICAL_IDENTITY|NO_EXTRA_TERM_PROPOSED,"[""LIVE_CATALOG_2026-10-04"", ""FEATURED02_NAV_V1""]",Canonical display and current aliases audited; no unverified synonym inferred.
AUDIT_ONLY|PROPOSED|DIRECTOR_REVIEW_REQUIRED,vitamin_d,Vitamina D,LABORATORIO,[],[],[],[],[],[],,[],"[""vitamina"", ""d"", ""vitamin""]",TOKEN_PREFIX_3;EXACT_APPROVED_ABBREVIATION,[],"[""chemistry""]",LOW_CURRENT_TERM_ONLY,KEEP_CANONICAL_IDENTITY|NO_EXTRA_TERM_PROPOSED,"[""LIVE_CATALOG_2026-10-04"", ""FEATURED02_NAV_V1""]",Canonical display and current aliases audited; no unverified synonym inferred.
AUDIT_ONLY|PROPOSED|DIRECTOR_REVIEW_REQUIRED,eeg_routine,EEG rutinario,NEUROFISIOLOGIA,[],[],[],"[""EEG rutinario""]",[],[],,[],"[""eeg"", ""rutinario"", ""routine""]",TOKEN_PREFIX_3;EXACT_APPROVED_ABBREVIATION,[],"[""neurophysiology""]",LOW_CURRENT_TERM_ONLY,KEEP_CANONICAL_IDENTITY|NO_EXTRA_TERM_PROPOSED,"[""LIVE_CATALOG_2026-10-04"", ""FEATURED02_NAV_V1""]",Canonical display and current aliases audited; no unverified synonym inferred.
AUDIT_ONLY|PROPOSED|DIRECTOR_REVIEW_REQUIRED,eeg_sleep_deprived,EEG con privación de sueño,NEUROFISIOLOGIA,[],[],[],"[""EEG con privación de sueño""]",[],[],,[],"[""eeg"", ""con"", ""privacion"", ""de"", ""sueno"", ""sleep"", ""deprived""]",TOKEN_PREFIX_3;EXACT_APPROVED_ABBREVIATION,[],"[""neurophysiology""]",LOW_CURRENT_TERM_ONLY,KEEP_CANONICAL_IDENTITY|NO_EXTRA_TERM_PROPOSED,"[""LIVE_CATALOG_2026-10-04"", ""FEATURED02_NAV_V1""]",Canonical display and current aliases audited; no unverified synonym inferred.
AUDIT_ONLY|PROPOSED|DIRECTOR_REVIEW_REQUIRED,emg_ncs,EMG + Velocidades de conducción nerviosa (VCN),NEUROFISIOLOGIA,"[""EMG + VCN (estudio completo)""]",[],"[""EMG + VCN (estudio completo)""]","[""EMG + Velocidades de conducción nerviosa"", ""VCN""]",[],"[""EMG + VCN""]",Electromiografía y velocidades de conducción nerviosa,[],"[""emg"", ""velocidades"", ""de"", ""conduccion"", ""nerviosa"", ""vcn"", ""estudio"", ""completo"", ""electromiografia"", ""y"", ""ncs""]",TOKEN_PREFIX_3;EXACT_APPROVED_ABBREVIATION,[],"[""neurophysiology""]",PROPOSED_TERM_REVIEW|COMMON_DISPLAY_PROPOSAL,KEEP_CANONICAL_IDENTITY|REVIEW_PROPOSED_EQUIVALENCE|REVIEW_SECONDARY_COMMON_DISPLAY,"[""LIVE_CATALOG_2026-10-04"", ""FEATURED02_NAV_V1"", ""NIH_EMG""]","Proposed search term requires Director clinical review; no catalog mutation. Secondary common display is proposed, not current UI."
AUDIT_ONLY|PROPOSED|DIRECTOR_REVIEW_REQUIRED,evoked_auditory_baep,Potenciales auditivos de tronco (PEAT/BAEP),NEUROFISIOLOGIA,[],[],[],"[""PEAT"", ""BAEP""]",[],[],,[],"[""potenciales"", ""auditivos"", ""de"", ""tronco"", ""peat"", ""baep"", ""evoked"", ""auditory""]",TOKEN_PREFIX_3;EXACT_APPROVED_ABBREVIATION,[],"[""neurophysiology""]",LOW_CURRENT_TERM_ONLY,KEEP_CANONICAL_IDENTITY|NO_EXTRA_TERM_PROPOSED,"[""LIVE_CATALOG_2026-10-04"", ""FEATURED02_NAV_V1""]",Canonical display and current aliases audited; no unverified synonym inferred.
AUDIT_ONLY|PROPOSED|DIRECTOR_REVIEW_REQUIRED,evoked_ssep,Potenciales somatosensoriales (PESS/SSEP),NEUROFISIOLOGIA,[],[],[],"[""PESS"", ""SSEP""]",[],[],,[],"[""potenciales"", ""somatosensoriales"", ""pess"", ""ssep"", ""evoked""]",TOKEN_PREFIX_3;EXACT_APPROVED_ABBREVIATION,[],"[""neurophysiology""]",LOW_CURRENT_TERM_ONLY,KEEP_CANONICAL_IDENTITY|NO_EXTRA_TERM_PROPOSED,"[""LIVE_CATALOG_2026-10-04"", ""FEATURED02_NAV_V1""]",Canonical display and current aliases audited; no unverified synonym inferred.
AUDIT_ONLY|PROPOSED|DIRECTOR_REVIEW_REQUIRED,evoked_visual,Potenciales evocados visuales (PEV),NEUROFISIOLOGIA,[],[],[],"[""PEV""]",[],[],,[],"[""potenciales"", ""evocados"", ""visuales"", ""pev"", ""evoked"", ""visual""]",TOKEN_PREFIX_3;EXACT_APPROVED_ABBREVIATION,[],"[""neurophysiology""]",LOW_CURRENT_TERM_ONLY,KEEP_CANONICAL_IDENTITY|NO_EXTRA_TERM_PROPOSED,"[""LIVE_CATALOG_2026-10-04"", ""FEATURED02_NAV_V1""]",Canonical display and current aliases audited; no unverified synonym inferred.
AUDIT_ONLY|PROPOSED|DIRECTOR_REVIEW_REQUIRED,repetitive_nerve_stimulation,Estimulación repetitiva,NEUROFISIOLOGIA,[],[],[],[],[],[],,[],"[""estimulacion"", ""repetitiva"", ""repetitive"", ""nerve"", ""stimulation""]",TOKEN_PREFIX_3;EXACT_APPROVED_ABBREVIATION,[],"[""neurophysiology""]",LOW_CURRENT_TERM_ONLY,KEEP_CANONICAL_IDENTITY|NO_EXTRA_TERM_PROPOSED,"[""LIVE_CATALOG_2026-10-04"", ""FEATURED02_NAV_V1""]",Canonical display and current aliases audited; no unverified synonym inferred.
AUDIT_ONLY|PROPOSED|DIRECTOR_REVIEW_REQUIRED,sfemg,EMG de fibra única (SFEMG),NEUROFISIOLOGIA,[],[],[],"[""EMG de fibra única"", ""SFEMG""]",[],[],,[],"[""emg"", ""de"", ""fibra"", ""unica"", ""sfemg""]",TOKEN_PREFIX_3;EXACT_APPROVED_ABBREVIATION,[],"[""neurophysiology""]",LOW_CURRENT_TERM_ONLY,KEEP_CANONICAL_IDENTITY|NO_EXTRA_TERM_PROPOSED,"[""LIVE_CATALOG_2026-10-04"", ""FEATURED02_NAV_V1""]",Canonical display and current aliases audited; no unverified synonym inferred.
AUDIT_ONLY|PROPOSED|DIRECTOR_REVIEW_REQUIRED,video_eeg,Video-EEG (prolongado),NEUROFISIOLOGIA,[],[],[],[],[],[],,[],"[""video"", ""eeg"", ""prolongado""]",TOKEN_PREFIX_3;EXACT_APPROVED_ABBREVIATION,"[""pro""]","[""neurophysiology""]",PREFIX_AMBIGUITY,KEEP_CANONICAL_IDENTITY|REQUIRE_DISAMBIGUATION,"[""LIVE_CATALOG_2026-10-04"", ""FEATURED02_NAV_V1""]",Canonical display and current aliases audited; no unverified synonym inferred.
AUDIT_ONLY|PROPOSED|DIRECTOR_REVIEW_REQUIRED,csf_cytology,Citología de LCR,PATOLOGIA,[],[],[],[],[],[],,[],"[""citologia"", ""de"", ""lcr"", ""csf"", ""cytology""]",TOKEN_PREFIX_3;EXACT_APPROVED_ABBREVIATION,[],"[""fluid_cytology""]",LOW_CURRENT_TERM_ONLY,KEEP_CANONICAL_IDENTITY|NO_EXTRA_TERM_PROPOSED,"[""LIVE_CATALOG_2026-10-04"", ""FEATURED02_NAV_V1""]",Canonical display and current aliases audited; no unverified synonym inferred.
AUDIT_ONLY|PROPOSED|DIRECTOR_REVIEW_REQUIRED,cyto_liquid_based,Citología en base líquida,PATOLOGIA,[],[],[],[],[],[],,[],"[""citologia"", ""en"", ""base"", ""liquida"", ""cyto"", ""liquid"", ""based""]",TOKEN_PREFIX_3;EXACT_APPROVED_ABBREVIATION,[],"[""cervical_cytology""]",LOW_CURRENT_TERM_ONLY,KEEP_CANONICAL_IDENTITY|NO_EXTRA_TERM_PROPOSED,"[""LIVE_CATALOG_2026-10-04"", ""FEATURED02_NAV_V1""]",Canonical display and current aliases audited; no unverified synonym inferred.
AUDIT_ONLY|PROPOSED|DIRECTOR_REVIEW_REQUIRED,cyto_pap,Papanicolaou (convencional),PATOLOGIA,[],[],[],[],[],[],,[],"[""papanicolaou"", ""convencional"", ""cyto"", ""pap""]",TOKEN_PREFIX_3;EXACT_APPROVED_ABBREVIATION,[],"[""cervical_cytology""]",LOW_CURRENT_TERM_ONLY,KEEP_CANONICAL_IDENTITY|NO_EXTRA_TERM_PROPOSED,"[""LIVE_CATALOG_2026-10-04"", ""FEATURED02_NAV_V1""]",Canonical display and current aliases audited; no unverified synonym inferred.
AUDIT_ONLY|PROPOSED|DIRECTOR_REVIEW_REQUIRED,serous_fluid_cytology,Citología de líquido seroso,PATOLOGIA,[],[],[],[],[],[],,[],"[""citologia"", ""de"", ""liquido"", ""seroso"", ""serous"", ""fluid"", ""cytology""]",TOKEN_PREFIX_3;EXACT_APPROVED_ABBREVIATION,[],"[""fluid_cytology""]",LOW_CURRENT_TERM_ONLY,KEEP_CANONICAL_IDENTITY|NO_EXTRA_TERM_PROPOSED,"[""LIVE_CATALOG_2026-10-04"", ""FEATURED02_NAV_V1""]",Canonical display and current aliases audited; no unverified synonym inferred.
AUDIT_ONLY|PROPOSED|DIRECTOR_REVIEW_REQUIRED,urine_cytology,Citología urinaria,PATOLOGIA,[],[],[],[],[],[],,[],"[""citologia"", ""urinaria"", ""urine"", ""cytology""]",TOKEN_PREFIX_3;EXACT_APPROVED_ABBREVIATION,[],"[""fluid_cytology""]",LOW_CURRENT_TERM_ONLY,KEEP_CANONICAL_IDENTITY|NO_EXTRA_TERM_PROPOSED,"[""LIVE_CATALOG_2026-10-04"", ""FEATURED02_NAV_V1""]",Canonical display and current aliases audited; no unverified synonym inferred.
AUDIT_ONLY|PROPOSED|DIRECTOR_REVIEW_REQUIRED,hsat,Estudio domiciliario de apnea (HSAT),SUENO,"[""HSAT (apnea del sueño en casa)""]",[],"[""HSAT (apnea del sueño en casa)""]","[""HSAT""]",[],[],Estudio domiciliario de apnea del sueño,[],"[""estudio"", ""domiciliario"", ""de"", ""apnea"", ""hsat"", ""del"", ""sueno"", ""en"", ""casa""]",TOKEN_PREFIX_3;EXACT_APPROVED_ABBREVIATION,[],"[""sleep""]",COMMON_DISPLAY_PROPOSAL,KEEP_CANONICAL_IDENTITY|REVIEW_SECONDARY_COMMON_DISPLAY,"[""LIVE_CATALOG_2026-10-04"", ""FEATURED02_NAV_V1""]","Secondary common display is proposed, not current UI."
AUDIT_ONLY|PROPOSED|DIRECTOR_REVIEW_REQUIRED,mslt,MSLT (latencias múltiples del sueño),SUENO,[],[],[],"[""MSLT""]",[],[],,[],"[""mslt"", ""latencias"", ""multiples"", ""del"", ""sueno""]",TOKEN_PREFIX_3;EXACT_APPROVED_ABBREVIATION,[],"[""sleep""]",LOW_CURRENT_TERM_ONLY,KEEP_CANONICAL_IDENTITY|NO_EXTRA_TERM_PROPOSED,"[""LIVE_CATALOG_2026-10-04"", ""FEATURED02_NAV_V1""]",Canonical display and current aliases audited; no unverified synonym inferred.
AUDIT_ONLY|PROPOSED|DIRECTOR_REVIEW_REQUIRED,mwt,MWT (mantenimiento de la vigilia),SUENO,[],[],[],"[""MWT""]",[],[],,[],"[""mwt"", ""mantenimiento"", ""de"", ""la"", ""vigilia""]",TOKEN_PREFIX_3;EXACT_APPROVED_ABBREVIATION,[],"[""sleep""]",LOW_CURRENT_TERM_ONLY,KEEP_CANONICAL_IDENTITY|NO_EXTRA_TERM_PROPOSED,"[""LIVE_CATALOG_2026-10-04"", ""FEATURED02_NAV_V1""]",Canonical display and current aliases audited; no unverified synonym inferred.
AUDIT_ONLY|PROPOSED|DIRECTOR_REVIEW_REQUIRED,psg_diagnostic,Polisomnografía (PSG) diagnóstica,SUENO,"[""PSG diagnóstica""]",[],"[""PSG diagnóstica""]",[],[],[],Polisomnografía diagnóstica,[],"[""polisomnografia"", ""psg"", ""diagnostica"", ""diagnostic""]",TOKEN_PREFIX_3;EXACT_APPROVED_ABBREVIATION,[],"[""sleep""]",COMMON_DISPLAY_PROPOSAL,KEEP_CANONICAL_IDENTITY|REVIEW_SECONDARY_COMMON_DISPLAY,"[""LIVE_CATALOG_2026-10-04"", ""FEATURED02_NAV_V1""]","Secondary common display is proposed, not current UI."
AUDIT_ONLY|PROPOSED|DIRECTOR_REVIEW_REQUIRED,psg_titration,PSG con titulación (CPAP/BiPAP),SUENO,[],[],[],"[""PSG con titulación"", ""CPAP""]",[],[],,[],"[""psg"", ""con"", ""titulacion"", ""cpap"", ""bipap"", ""titration""]",TOKEN_PREFIX_3;EXACT_APPROVED_ABBREVIATION,[],"[""sleep""]",LOW_CURRENT_TERM_ONLY,KEEP_CANONICAL_IDENTITY|NO_EXTRA_TERM_PROPOSED,"[""LIVE_CATALOG_2026-10-04"", ""FEATURED02_NAV_V1""]",Canonical display and current aliases audited; no unverified synonym inferred.
